Workbook

Sheet Ohjeet
B1: TalentMaster — Biologinen ika & Yli-ikaisyyssaanto
B2: Mirwald 2002 -kaava | Suomen Palloliitto yli-ikaisyyssaanto | TalentMaster pilotti 2026
B4: YLEISKUVAUS
B5: Tama pohja laskee pelaajan biologisen ian ja PHV-tilan Mirwald 2002 -kaavalla. Se tarkistaa automaattisesti tayttaako pelaaja Palloliiton yli-ikaisyyssaannon poikkeusluvan vaatimukset.
B6: MITA MITATAAN
B7: 1. Seisomapituus (cm) — kaksi mittausta, jarjestelma laskee keskiarvon 2. Paino (kg) — kaksi mittausta, jarjestelma laskee keskiarvon 3. Istumapituus (cm) — pelaaja istuu tuolilla, mitataan istuinluista paalaen 4. Syntymapaivamaara ja testipaiva — jarjestelma laskee ian automaattisesti 5. Sukupuoli P/T — pojat ja tyto kayttavat eri kaavoja
B10: YLI-IKAISYYSSAANTO
B11: Palloliitto sallii poikkeusluvan pelaajalle pelata nuoremmassa ikäluokassa jos biologinen kypsyminen on myohäistä. Kynnys = APHV - 0.75 vuotta per syntymakuukausi. Pojilla kynnys vaihtelee 14.05–14.97 ja tytoilla 12.15–13.07. Jos Mirwald-PHV-ika >= kynnys → VP voi hakea poikkeuslupaa Palloliitolta.
B13: KELTAISET SOLUT
B14: SINISET SOLUT
B15: VALILEHDET
B16: Mittauslomake = taytat tanne | Yli-ikaisyys = kynnysarvo-taulukko | Kaavat = selitykset

Sheet Mittauslomake
A1: BIOLOGINEN IKA - MITTAUSLOMAKE | Mirwald 2002 | TalentMaster
A2: Keltainen = syota tiedot | Sininen = laskettu automaattisesti | Vihrea/Punainen = yli-ikaisyys-tulos
A3: Seura: | D3: Kausi: | G3: Arvioija:
A4: Perustiedot | H4: Mittaukset (syota) | O4: Laskentatulokset (automaattinen)
A5: # | B5: Sukunimi | C5: Etunimi | D5: Sukup (P/T) | E5: Syntymapvm | F5: Testipaiva | G5: Ika (v) | H5: Pituus 1 (cm) | I5: Pituus 2 (cm) | J5: Pituus (ka) | K5: Paino 1 (kg) | L5: Paino 2 (kg) | M5: Paino (ka) | N5: Istuma- pituus (cm) | O5: Jalkojen pituus | P5: PHV-ika (Mirwald) | Q5: Maturity offset | R5: PHV-tila | S5: Yli-ikaisyys poikkeuslupa? | T5: Huomiot
A6: 1 | G6: =IFERROR(IF(AND(F6<>"",E6<>""),ROUND((F6-E6)/365.25,3),""),"") | J6: =IFERROR(IF(AND(H6<>"",I6<>""),AVERAGE(H6,I6),""),"") | M6: =IFERROR(IF(AND(K6<>"",L6<>""),AVERAGE(K6,L6),""),"") | O6: =IFERROR(IF(AND(J6<>"",N6<>""),J6-N6,""),"") | P6: =IFERROR(IF(Q6<>"",ROUND(G6-Q6,2),""),"") | Q6: =IFERROR(IF(AND(D6<>"",G6<>"",J6<>"",M6<>"",N6<>"",O6<>""),IF(D6="P",-9.236+0.0002708*(O6*N6)-0.001663*(G6*O6)+0.007216*(G6*N6)+0.02292*(M6/J6*100),-9.376+0.0001882*(O6*N6)+0.0022*(G6*O6)+0.005841*(G6*N6)-0.002658*(G6*M6)+0.07693*(M6/J6*100)),""),"") | R6: =IFERROR(IF(Q6<>"",IF(Q6<-1,"Pre-PHV (>1v ennen)",IF(Q6<-0.5,"Lahestyy PHV (0.5-1v)",IF(Q6<=0.5,"PHV-huippu (+-0.5v)",IF(Q6<=1,"Post-PHV (0.5-1v jalk.)","Jalki-PHV (>1v jalk.)")))),""),"") | S6: =IFERROR(IF(AND(P6<>"",E6<>"",D6<>""),IF(D6="P",IF(P6>=VLOOKUP(MONTH(E6),'Yli-ikaisyys'!$A$5:$B$16,2,FALSE),"KYLLA - poikkeuslupa mahdollinen","EI tayta ehtoja"),IF(P6>=VLOOKUP(MONTH(E6),'Yli-ikaisyys'!$A$5:$C$16,3,FALSE),"KYLLA - poikkeuslupa mahdollinen","EI tayta ehtoja")),""),"")
A7: 2 | G7: =IFERROR(IF(AND(F7<>"",E7<>""),ROUND((F7-E7)/365.25,3),""),"") | J7: =IFERROR(IF(AND(H7<>"",I7<>""),AVERAGE(H7,I7),""),"") | M7: =IFERROR(IF(AND(K7<>"",L7<>""),AVERAGE(K7,L7),""),"") | O7: =IFERROR(IF(AND(J7<>"",N7<>""),J7-N7,""),"") | P7: =IFERROR(IF(Q7<>"",ROUND(G7-Q7,2),""),"") | Q7: =IFERROR(IF(AND(D7<>"",G7<>"",J7<>"",M7<>"",N7<>"",O7<>""),IF(D7="P",-9.236+0.0002708*(O7*N7)-0.001663*(G7*O7)+0.007216*(G7*N7)+0.02292*(M7/J7*100),-9.376+0.0001882*(O7*N7)+0.0022*(G7*O7)+0.005841*(G7*N7)-0.002658*(G7*M7)+0.07693*(M7/J7*100)),""),"") | R7: =IFERROR(IF(Q7<>"",IF(Q7<-1,"Pre-PHV (>1v ennen)",IF(Q7<-0.5,"Lahestyy PHV (0.5-1v)",IF(Q7<=0.5,"PHV-huippu (+-0.5v)",IF(Q7<=1,"Post-PHV (0.5-1v jalk.)","Jalki-PHV (>1v jalk.)")))),""),"") | S7: =IFERROR(IF(AND(P7<>"",E7<>"",D7<>""),IF(D7="P",IF(P7>=VLOOKUP(MONTH(E7),'Yli-ikaisyys'!$A$5:$B$16,2,FALSE),"KYLLA - poikkeuslupa mahdollinen","EI tayta ehtoja"),IF(P7>=VLOOKUP(MONTH(E7),'Yli-ikaisyys'!$A$5:$C$16,3,FALSE),"KYLLA - poikkeuslupa mahdollinen","EI tayta ehtoja")),""),"")
A8: 3 | G8: =IFERROR(IF(AND(F8<>"",E8<>""),ROUND((F8-E8)/365.25,3),""),"") | J8: =IFERROR(IF(AND(H8<>"",I8<>""),AVERAGE(H8,I8),""),"") | M8: =IFERROR(IF(AND(K8<>"",L8<>""),AVERAGE(K8,L8),""),"") | O8: =IFERROR(IF(AND(J8<>"",N8<>""),J8-N8,""),"") | P8: =IFERROR(IF(Q8<>"",ROUND(G8-Q8,2),""),"") | Q8: =IFERROR(IF(AND(D8<>"",G8<>"",J8<>"",M8<>"",N8<>"",O8<>""),IF(D8="P",-9.236+0.0002708*(O8*N8)-0.001663*(G8*O8)+0.007216*(G8*N8)+0.02292*(M8/J8*100),-9.376+0.0001882*(O8*N8)+0.0022*(G8*O8)+0.005841*(G8*N8)-0.002658*(G8*M8)+0.07693*(M8/J8*100)),""),"") | R8: =IFERROR(IF(Q8<>"",IF(Q8<-1,"Pre-PHV (>1v ennen)",IF(Q8<-0.5,"Lahestyy PHV (0.5-1v)",IF(Q8<=0.5,"PHV-huippu (+-0.5v)",IF(Q8<=1,"Post-PHV (0.5-1v jalk.)","Jalki-PHV (>1v jalk.)")))),""),"") | S8: =IFERROR(IF(AND(P8<>"",E8<>"",D8<>""),IF(D8="P",IF(P8>=VLOOKUP(MONTH(E8),'Yli-ikaisyys'!$A$5:$B$16,2,FALSE),"KYLLA - poikkeuslupa mahdollinen","EI tayta ehtoja"),IF(P8>=VLOOKUP(MONTH(E8),'Yli-ikaisyys'!$A$5:$C$16,3,FALSE),"KYLLA - poikkeuslupa mahdollinen","EI tayta ehtoja")),""),"")
A9: 4 | G9: =IFERROR(IF(AND(F9<>"",E9<>""),ROUND((F9-E9)/365.25,3),""),"") | J9: =IFERROR(IF(AND(H9<>"",I9<>""),AVERAGE(H9,I9),""),"") | M9: =IFERROR(IF(AND(K9<>"",L9<>""),AVERAGE(K9,L9),""),"") | O9: =IFERROR(IF(AND(J9<>"",N9<>""),J9-N9,""),"") | P9: =IFERROR(IF(Q9<>"",ROUND(G9-Q9,2),""),"") | Q9: =IFERROR(IF(AND(D9<>"",G9<>"",J9<>"",M9<>"",N9<>"",O9<>""),IF(D9="P",-9.236+0.0002708*(O9*N9)-0.001663*(G9*O9)+0.007216*(G9*N9)+0.02292*(M9/J9*100),-9.376+0.0001882*(O9*N9)+0.0022*(G9*O9)+0.005841*(G9*N9)-0.002658*(G9*M9)+0.07693*(M9/J9*100)),""),"") | R9: =IFERROR(IF(Q9<>"",IF(Q9<-1,"Pre-PHV (>1v ennen)",IF(Q9<-0.5,"Lahestyy PHV (0.5-1v)",IF(Q9<=0.5,"PHV-huippu (+-0.5v)",IF(Q9<=1,"Post-PHV (0.5-1v jalk.)","Jalki-PHV (>1v jalk.)")))),""),"") | S9: =IFERROR(IF(AND(P9<>"",E9<>"",D9<>""),IF(D9="P",IF(P9>=VLOOKUP(MONTH(E9),'Yli-ikaisyys'!$A$5:$B$16,2,FALSE),"KYLLA - poikkeuslupa mahdollinen","EI tayta ehtoja"),IF(P9>=VLOOKUP(MONTH(E9),'Yli-ikaisyys'!$A$5:$C$16,3,FALSE),"KYLLA - poikkeuslupa mahdollinen","EI tayta ehtoja")),""),"")
A10: 5 | G10: =IFERROR(IF(AND(F10<>"",E10<>""),ROUND((F10-E10)/365.25,3),""),"") | J10: =IFERROR(IF(AND(H10<>"",I10<>""),AVERAGE(H10,I10),""),"") | M10: =IFERROR(IF(AND(K10<>"",L10<>""),AVERAGE(K10,L10),""),"") | O10: =IFERROR(IF(AND(J10<>"",N10<>""),J10-N10,""),"") | P10: =IFERROR(IF(Q10<>"",ROUND(G10-Q10,2),""),"") | Q10: =IFERROR(IF(AND(D10<>"",G10<>"",J10<>"",M10<>"",N10<>"",O10<>""),IF(D10="P",-9.236+0.0002708*(O10*N10)-0.001663*(G10*O10)+0.007216*(G10*N10)+0.02292*(M10/J10*100),-9.376+0.0001882*(O10*N10)+0.0022*(G10*O10)+0.005841*(G10*N10)-0.002658*(G10*M10)+0.07693*(M10/J10*100)),""),"") | R10: =IFERROR(IF(Q10<>"",IF(Q10<-1,"Pre-PHV (>1v ennen)",IF(Q10<-0.5,"Lahestyy PHV (0.5-1v)",IF(Q10<=0.5,"PHV-huippu (+-0.5v)",IF(Q10<=1,"Post-PHV (0.5-1v jalk.)","Jalki-PHV (>1v jalk.)")))),""),"") | S10: =IFERROR(IF(AND(P10<>"",E10<>"",D10<>""),IF(D10="P",IF(P10>=VLOOKUP(MONTH(E10),'Yli-ikaisyys'!$A$5:$B$16,2,FALSE),"KYLLA - poikkeuslupa mahdollinen","EI tayta ehtoja"),IF(P10>=VLOOKUP(MONTH(E10),'Yli-ikaisyys'!$A$5:$C$16,3,FALSE),"KYLLA - poikkeuslupa mahdollinen","EI tayta ehtoja")),""),"")
A11: 6 | G11: =IFERROR(IF(AND(F11<>"",E11<>""),ROUND((F11-E11)/365.25,3),""),"") | J11: =IFERROR(IF(AND(H11<>"",I11<>""),AVERAGE(H11,I11),""),"") | M11: =IFERROR(IF(AND(K11<>"",L11<>""),AVERAGE(K11,L11),""),"") | O11: =IFERROR(IF(AND(J11<>"",N11<>""),J11-N11,""),"") | P11: =IFERROR(IF(Q11<>"",ROUND(G11-Q11,2),""),"") | Q11: =IFERROR(IF(AND(D11<>"",G11<>"",J11<>"",M11<>"",N11<>"",O11<>""),IF(D11="P",-9.236+0.0002708*(O11*N11)-0.001663*(G11*O11)+0.007216*(G11*N11)+0.02292*(M11/J11*100),-9.376+0.0001882*(O11*N11)+0.0022*(G11*O11)+0.005841*(G11*N11)-0.002658*(G11*M11)+0.07693*(M11/J11*100)),""),"") | R11: =IFERROR(IF(Q11<>"",IF(Q11<-1,"Pre-PHV (>1v ennen)",IF(Q11<-0.5,"Lahestyy PHV (0.5-1v)",IF(Q11<=0.5,"PHV-huippu (+-0.5v)",IF(Q11<=1,"Post-PHV (0.5-1v jalk.)","Jalki-PHV (>1v jalk.)")))),""),"") | S11: =IFERROR(IF(AND(P11<>"",E11<>"",D11<>""),IF(D11="P",IF(P11>=VLOOKUP(MONTH(E11),'Yli-ikaisyys'!$A$5:$B$16,2,FALSE),"KYLLA - poikkeuslupa mahdollinen","EI tayta ehtoja"),IF(P11>=VLOOKUP(MONTH(E11),'Yli-ikaisyys'!$A$5:$C$16,3,FALSE),"KYLLA - poikkeuslupa mahdollinen","EI tayta ehtoja")),""),"")
A12: 7 | G12: =IFERROR(IF(AND(F12<>"",E12<>""),ROUND((F12-E12)/365.25,3),""),"") | J12: =IFERROR(IF(AND(H12<>"",I12<>""),AVERAGE(H12,I12),""),"") | M12: =IFERROR(IF(AND(K12<>"",L12<>""),AVERAGE(K12,L12),""),"") | O12: =IFERROR(IF(AND(J12<>"",N12<>""),J12-N12,""),"") | P12: =IFERROR(IF(Q12<>"",ROUND(G12-Q12,2),""),"") | Q12: =IFERROR(IF(AND(D12<>"",G12<>"",J12<>"",M12<>"",N12<>"",O12<>""),IF(D12="P",-9.236+0.0002708*(O12*N12)-0.001663*(G12*O12)+0.007216*(G12*N12)+0.02292*(M12/J12*100),-9.376+0.0001882*(O12*N12)+0.0022*(G12*O12)+0.005841*(G12*N12)-0.002658*(G12*M12)+0.07693*(M12/J12*100)),""),"") | R12: =IFERROR(IF(Q12<>"",IF(Q12<-1,"Pre-PHV (>1v ennen)",IF(Q12<-0.5,"Lahestyy PHV (0.5-1v)",IF(Q12<=0.5,"PHV-huippu (+-0.5v)",IF(Q12<=1,"Post-PHV (0.5-1v jalk.)","Jalki-PHV (>1v jalk.)")))),""),"") | S12: =IFERROR(IF(AND(P12<>"",E12<>"",D12<>""),IF(D12="P",IF(P12>=VLOOKUP(MONTH(E12),'Yli-ikaisyys'!$A$5:$B$16,2,FALSE),"KYLLA - poikkeuslupa mahdollinen","EI tayta ehtoja"),IF(P12>=VLOOKUP(MONTH(E12),'Yli-ikaisyys'!$A$5:$C$16,3,FALSE),"KYLLA - poikkeuslupa mahdollinen","EI tayta ehtoja")),""),"")
A13: 8 | G13: =IFERROR(IF(AND(F13<>"",E13<>""),ROUND((F13-E13)/365.25,3),""),"") | J13: =IFERROR(IF(AND(H13<>"",I13<>""),AVERAGE(H13,I13),""),"") | M13: =IFERROR(IF(AND(K13<>"",L13<>""),AVERAGE(K13,L13),""),"") | O13: =IFERROR(IF(AND(J13<>"",N13<>""),J13-N13,""),"") | P13: =IFERROR(IF(Q13<>"",ROUND(G13-Q13,2),""),"") | Q13: =IFERROR(IF(AND(D13<>"",G13<>"",J13<>"",M13<>"",N13<>"",O13<>""),IF(D13="P",-9.236+0.0002708*(O13*N13)-0.001663*(G13*O13)+0.007216*(G13*N13)+0.02292*(M13/J13*100),-9.376+0.0001882*(O13*N13)+0.0022*(G13*O13)+0.005841*(G13*N13)-0.002658*(G13*M13)+0.07693*(M13/J13*100)),""),"") | R13: =IFERROR(IF(Q13<>"",IF(Q13<-1,"Pre-PHV (>1v ennen)",IF(Q13<-0.5,"Lahestyy PHV (0.5-1v)",IF(Q13<=0.5,"PHV-huippu (+-0.5v)",IF(Q13<=1,"Post-PHV (0.5-1v jalk.)","Jalki-PHV (>1v jalk.)")))),""),"") | S13: =IFERROR(IF(AND(P13<>"",E13<>"",D13<>""),IF(D13="P",IF(P13>=VLOOKUP(MONTH(E13),'Yli-ikaisyys'!$A$5:$B$16,2,FALSE),"KYLLA - poikkeuslupa mahdollinen","EI tayta ehtoja"),IF(P13>=VLOOKUP(MONTH(E13),'Yli-ikaisyys'!$A$5:$C$16,3,FALSE),"KYLLA - poikkeuslupa mahdollinen","EI tayta ehtoja")),""),"")
A14: 9 | G14: =IFERROR(IF(AND(F14<>"",E14<>""),ROUND((F14-E14)/365.25,3),""),"") | J14: =IFERROR(IF(AND(H14<>"",I14<>""),AVERAGE(H14,I14),""),"") | M14: =IFERROR(IF(AND(K14<>"",L14<>""),AVERAGE(K14,L14),""),"") | O14: =IFERROR(IF(AND(J14<>"",N14<>""),J14-N14,""),"") | P14: =IFERROR(IF(Q14<>"",ROUND(G14-Q14,2),""),"") | Q14: =IFERROR(IF(AND(D14<>"",G14<>"",J14<>"",M14<>"",N14<>"",O14<>""),IF(D14="P",-9.236+0.0002708*(O14*N14)-0.001663*(G14*O14)+0.007216*(G14*N14)+0.02292*(M14/J14*100),-9.376+0.0001882*(O14*N14)+0.0022*(G14*O14)+0.005841*(G14*N14)-0.002658*(G14*M14)+0.07693*(M14/J14*100)),""),"") | R14: =IFERROR(IF(Q14<>"",IF(Q14<-1,"Pre-PHV (>1v ennen)",IF(Q14<-0.5,"Lahestyy PHV (0.5-1v)",IF(Q14<=0.5,"PHV-huippu (+-0.5v)",IF(Q14<=1,"Post-PHV (0.5-1v jalk.)","Jalki-PHV (>1v jalk.)")))),""),"") | S14: =IFERROR(IF(AND(P14<>"",E14<>"",D14<>""),IF(D14="P",IF(P14>=VLOOKUP(MONTH(E14),'Yli-ikaisyys'!$A$5:$B$16,2,FALSE),"KYLLA - poikkeuslupa mahdollinen","EI tayta ehtoja"),IF(P14>=VLOOKUP(MONTH(E14),'Yli-ikaisyys'!$A$5:$C$16,3,FALSE),"KYLLA - poikkeuslupa mahdollinen","EI tayta ehtoja")),""),"")
A15: 10 | G15: =IFERROR(IF(AND(F15<>"",E15<>""),ROUND((F15-E15)/365.25,3),""),"") | J15: =IFERROR(IF(AND(H15<>"",I15<>""),AVERAGE(H15,I15),""),"") | M15: =IFERROR(IF(AND(K15<>"",L15<>""),AVERAGE(K15,L15),""),"") | O15: =IFERROR(IF(AND(J15<>"",N15<>""),J15-N15,""),"") | P15: =IFERROR(IF(Q15<>"",ROUND(G15-Q15,2),""),"") | Q15: =IFERROR(IF(AND(D15<>"",G15<>"",J15<>"",M15<>"",N15<>"",O15<>""),IF(D15="P",-9.236+0.0002708*(O15*N15)-0.001663*(G15*O15)+0.007216*(G15*N15)+0.02292*(M15/J15*100),-9.376+0.0001882*(O15*N15)+0.0022*(G15*O15)+0.005841*(G15*N15)-0.002658*(G15*M15)+0.07693*(M15/J15*100)),""),"") | R15: =IFERROR(IF(Q15<>"",IF(Q15<-1,"Pre-PHV (>1v ennen)",IF(Q15<-0.5,"Lahestyy PHV (0.5-1v)",IF(Q15<=0.5,"PHV-huippu (+-0.5v)",IF(Q15<=1,"Post-PHV (0.5-1v jalk.)","Jalki-PHV (>1v jalk.)")))),""),"") | S15: =IFERROR(IF(AND(P15<>"",E15<>"",D15<>""),IF(D15="P",IF(P15>=VLOOKUP(MONTH(E15),'Yli-ikaisyys'!$A$5:$B$16,2,FALSE),"KYLLA - poikkeuslupa mahdollinen","EI tayta ehtoja"),IF(P15>=VLOOKUP(MONTH(E15),'Yli-ikaisyys'!$A$5:$C$16,3,FALSE),"KYLLA - poikkeuslupa mahdollinen","EI tayta ehtoja")),""),"")
A16: 11 | G16: =IFERROR(IF(AND(F16<>"",E16<>""),ROUND((F16-E16)/365.25,3),""),"") | J16: =IFERROR(IF(AND(H16<>"",I16<>""),AVERAGE(H16,I16),""),"") | M16: =IFERROR(IF(AND(K16<>"",L16<>""),AVERAGE(K16,L16),""),"") | O16: =IFERROR(IF(AND(J16<>"",N16<>""),J16-N16,""),"") | P16: =IFERROR(IF(Q16<>"",ROUND(G16-Q16,2),""),"") | Q16: =IFERROR(IF(AND(D16<>"",G16<>"",J16<>"",M16<>"",N16<>"",O16<>""),IF(D16="P",-9.236+0.0002708*(O16*N16)-0.001663*(G16*O16)+0.007216*(G16*N16)+0.02292*(M16/J16*100),-9.376+0.0001882*(O16*N16)+0.0022*(G16*O16)+0.005841*(G16*N16)-0.002658*(G16*M16)+0.07693*(M16/J16*100)),""),"") | R16: =IFERROR(IF(Q16<>"",IF(Q16<-1,"Pre-PHV (>1v ennen)",IF(Q16<-0.5,"Lahestyy PHV (0.5-1v)",IF(Q16<=0.5,"PHV-huippu (+-0.5v)",IF(Q16<=1,"Post-PHV (0.5-1v jalk.)","Jalki-PHV (>1v jalk.)")))),""),"") | S16: =IFERROR(IF(AND(P16<>"",E16<>"",D16<>""),IF(D16="P",IF(P16>=VLOOKUP(MONTH(E16),'Yli-ikaisyys'!$A$5:$B$16,2,FALSE),"KYLLA - poikkeuslupa mahdollinen","EI tayta ehtoja"),IF(P16>=VLOOKUP(MONTH(E16),'Yli-ikaisyys'!$A$5:$C$16,3,FALSE),"KYLLA - poikkeuslupa mahdollinen","EI tayta ehtoja")),""),"")
A17: 12 | G17: =IFERROR(IF(AND(F17<>"",E17<>""),ROUND((F17-E17)/365.25,3),""),"") | J17: =IFERROR(IF(AND(H17<>"",I17<>""),AVERAGE(H17,I17),""),"") | M17: =IFERROR(IF(AND(K17<>"",L17<>""),AVERAGE(K17,L17),""),"") | O17: =IFERROR(IF(AND(J17<>"",N17<>""),J17-N17,""),"") | P17: =IFERROR(IF(Q17<>"",ROUND(G17-Q17,2),""),"") | Q17: =IFERROR(IF(AND(D17<>"",G17<>"",J17<>"",M17<>"",N17<>"",O17<>""),IF(D17="P",-9.236+0.0002708*(O17*N17)-0.001663*(G17*O17)+0.007216*(G17*N17)+0.02292*(M17/J17*100),-9.376+0.0001882*(O17*N17)+0.0022*(G17*O17)+0.005841*(G17*N17)-0.002658*(G17*M17)+0.07693*(M17/J17*100)),""),"") | R17: =IFERROR(IF(Q17<>"",IF(Q17<-1,"Pre-PHV (>1v ennen)",IF(Q17<-0.5,"Lahestyy PHV (0.5-1v)",IF(Q17<=0.5,"PHV-huippu (+-0.5v)",IF(Q17<=1,"Post-PHV (0.5-1v jalk.)","Jalki-PHV (>1v jalk.)")))),""),"") | S17: =IFERROR(IF(AND(P17<>"",E17<>"",D17<>""),IF(D17="P",IF(P17>=VLOOKUP(MONTH(E17),'Yli-ikaisyys'!$A$5:$B$16,2,FALSE),"KYLLA - poikkeuslupa mahdollinen","EI tayta ehtoja"),IF(P17>=VLOOKUP(MONTH(E17),'Yli-ikaisyys'!$A$5:$C$16,3,FALSE),"KYLLA - poikkeuslupa mahdollinen","EI tayta ehtoja")),""),"")
... A55: 50 | G55: =IFERROR(IF(AND(F55<>"",E55<>""),ROUND((F55-E55)/365.25,3),""),"") | J55: =IFERROR(IF(AND(H55<>"",I55<>""),AVERAGE(H55,I55),""),"") | M55: =IFERROR(IF(AND(K55<>"",L55<>""),AVERAGE(K55,L55),""),"") | O55: =IFERROR(IF(AND(J55<>"",N55<>""),J55-N55,""),"") | P55: =IFERROR(IF(Q55<>"",ROUND(G55-Q55,2),""),"") | Q55: =IFERROR(IF(AND(D55<>"",G55<>"",J55<>"",M55<>"",N55<>"",O55<>""),IF(D55="P",-9.236+0.0002708*(O55*N55)-0.001663*(G55*O55)+0.007216*(G55*N55)+0.02292*(M55/J55*100),-9.376+0.0001882*(O55*N55)+0.0022*(G55*O55)+0.005841*(G55*N55)-0.002658*(G55*M55)+0.07693*(M55/J55*100)),""),"") | R55: =IFERROR(IF(Q55<>"",IF(Q55<-1,"Pre-PHV (>1v ennen)",IF(Q55<-0.5,"Lahestyy PHV (0.5-1v)",IF(Q55<=0.5,"PHV-huippu (+-0.5v)",IF(Q55<=1,"Post-PHV (0.5-1v jalk.)","Jalki-PHV (>1v jalk.)")))),""),"") | S55: =IFERROR(IF(AND(P55<>"",E55<>"",D55<>""),IF(D55="P",IF(P55>=VLOOKUP(MONTH(E55),'Yli-ikaisyys'!$A$5:$B$16,2,FALSE),"KYLLA - poikkeuslupa mahdollinen","EI tayta ehtoja"),IF(P55>=VLOOKUP(MONTH(E55),'Yli-ikaisyys'!$A$5:$C$16,3,FALSE),"KYLLA - poikkeuslupa mahdollinen","EI tayta ehtoja")),""),"")

Sheet Yli-ikaisyys
A1: Yli-ikaisyyssaannon kynnysarvot — Suomen Palloliitto | APHV - 0.75 vuotta
A2: Jos PHV-ika (Mirwald) >= kynnys → poikkeuslupa mahdollinen. VP hakee Palloliitolta lupaa pelata nuoremmassa ikäluokassa.
A4: Kk (nro) | B4: POJAT kynnys | C4: TYTO kynnys | D4: Kuukausi
A5: 1 | B5: 14.9667 | C5: 13.0667 | D5: Tammikuu
A6: 2 | B6: 14.8833 | C6: 12.9833 | D6: Helmikuu
A7: 3 | B7: 14.8 | C7: 12.9 | D7: Maaliskuu
A8: 4 | B8: 14.7167 | C8: 12.8167 | D8: Huhtikuu
A9: 5 | B9: 14.6333 | C9: 12.7333 | D9: Toukokuu
A10: 6 | B10: 14.55 | C10: 12.65 | D10: Kesäkuu
A11: 7 | B11: 14.4667 | C11: 12.5667 | D11: Heinäkuu
A12: 8 | B12: 14.3833 | C12: 12.4833 | D12: Elokuu
A13: 9 | B13: 14.3 | C13: 12.4 | D13: Syyskuu
A14: 10 | B14: 14.2167 | C14: 12.3167 | D14: Lokakuu
A15: 11 | B15: 14.1333 | C15: 12.2333 | D15: Marraskuu
A16: 12 | B16: 14.05 | C16: 12.15 | D16: Joulukuu

Sheet Kaavat
A1: Mirwald 2002 -kaavat — lahde ja selitykset
A3: LAHDE
A4: Mirwald RL, Baxter-Jones AD, Bailey DA, Beunen G. (2002). An assessment of maturity from anthropometric measurements. Medicine & Science in Sports & Exercise, 34(4), 689-694.
A5: POIKIEN KAAVA
A6: Maturity offset = -9.236 + 0.0002708*(jalka*istuma) - 0.001663*(ika*jalka) + 0.007216*(ika*istuma) + 0.02292*(paino/pituus*100)
A7: TYTTOJEN KAAVA
A8: Maturity offset = -9.376 + 0.0001882*(jalka*istuma) + 0.0022*(ika*jalka) + 0.005841*(ika*istuma) - 0.002658*(ika*paino) + 0.07693*(paino/pituus*100)
A9: PHV-IKA
A10: PHV-ika = Kronologinen ika - Maturity offset | Maturity offset < 0 = ennen PHV:ta | offset > 0 = PHV ohitettu
A11: YLI-IKAISYYS
A12: Kynnys = APHV - 0.75 vuotta (kuukausittain). Jos PHV-ika >= kynnys → poikkeuslupa mahdollinen. Lahde: Suomen Palloliitto.
