Workbook

Sheet _viitearvot
A1: ikäluokka | B1: sukupuoli | C1: testi | D1: taso5 | E1: taso4 | F1: taso3 | G1: taso2 | H1: taso1 | I1: avain | J1: t5_lookup | K1: t4_lookup | L1: t3_lookup | M1: t2_lookup
A2: P10 | B2: P | C2: lin5m | D2: 1.08 | E2: 1.11 | F2: 1.14 | G2: 1.18 | H2: 99 | I2: P10lin5m | J2: 1.08 | K2: 1.11 | L2: 1.14 | M2: 1.18
A3: P11 | B3: P | C3: lin5m | D3: 1.05 | E3: 1.09 | F3: 1.11 | G3: 1.15 | H3: 99 | I3: P11lin5m | J3: 1.05 | K3: 1.09 | L3: 1.11 | M3: 1.15
A4: P12 | B4: P | C4: lin5m | D4: 1.02 | E4: 1.05 | F4: 1.08 | G4: 1.12 | H4: 99 | I4: P12lin5m | J4: 1.02 | K4: 1.05 | L4: 1.08 | M4: 1.12
A5: P13 | B5: P | C5: lin5m | D5: 0.99 | E5: 1.02 | F5: 1.05 | G5: 1.09 | H5: 99 | I5: P13lin5m | J5: 0.99 | K5: 1.02 | L5: 1.05 | M5: 1.09
A6: P14 | B6: P | C6: lin5m | D6: 0.96 | E6: 0.99 | F6: 1.01 | G6: 1.05 | H6: 99 | I6: P14lin5m | J6: 0.96 | K6: 0.99 | L6: 1.01 | M6: 1.05
A7: P15 | B7: P | C7: lin5m | D7: 0.94 | E7: 0.97 | F7: 0.99 | G7: 1.03 | H7: 99 | I7: P15lin5m | J7: 0.94 | K7: 0.97 | L7: 0.99 | M7: 1.03
A8: P16 | B8: P | C8: lin5m | D8: 0.92 | E8: 0.95 | F8: 0.97 | G8: 1.01 | H8: 99 | I8: P16lin5m | J8: 0.92 | K8: 0.95 | L8: 0.97 | M8: 1.01
A9: P17 | B9: P | C9: lin5m | D9: 0.9 | E9: 0.93 | F9: 0.95 | G9: 0.99 | H9: 99 | I9: P17lin5m | J9: 0.9 | K9: 0.93 | L9: 0.95 | M9: 0.99
A10: P18 | B10: P | C10: lin5m | D10: 0.88 | E10: 0.91 | F10: 0.93 | G10: 0.97 | H10: 99 | I10: P18lin5m | J10: 0.88 | K10: 0.91 | L10: 0.93 | M10: 0.97
A11: P19 | B11: P | C11: lin5m | D11: 0.87 | E11: 0.89 | F11: 0.91 | G11: 0.95 | H11: 99 | I11: P19lin5m | J11: 0.87 | K11: 0.89 | L11: 0.91 | M11: 0.95
A12: P10 | B12: P | C12: lin10m | D12: 1.92 | E12: 1.97 | F12: 2.02 | G12: 2.08 | H12: 99 | I12: P10lin10m | J12: 1.92 | K12: 1.97 | L12: 2.02 | M12: 2.08
A13: P11 | B13: P | C13: lin10m | D13: 1.88 | E13: 1.93 | F13: 1.97 | G13: 2.02 | H13: 99 | I13: P11lin10m | J13: 1.88 | K13: 1.93 | L13: 1.97 | M13: 2.02
... A205: T15 | B205: T | C205: syotto | D205: 32.8 | E205: 38.5 | F205: 99 | G205: 99 | H205: 99 | I205: T15syotto | J205: 32.8 | K205: 38.5 | L205: 99 | M205: 99

Sheet H-H Testit
A1: TalentMaster™ — H-H-polun fyysistekniset testit (Eerikkilä/Palloliitto 2024)
A2: 🔵 Pakollinen kenttä 🟢 Syötä RAW-tulos (joka yritys) ⭐ Paras = automaattinen 🟡 Taso = automaattinen Bio-ikä = syötä Mirwald-pohjasta
A3: YRITYKSET: Lin/Kasi/SM-j/CMJ = 3 yritystä | SM-pallo/Pujottelu/Syöttö = 2 yritystä | Bronco = 1 yritys | Paras tulos lasketaan automaattisesti
A4: PalloID * | B4: Nimi * | C4: Syntymäaika * | D4: Sukupuoli * | E4: Joukkue * | F4: Testauspvm * | G4: Arvioija | H4: 5m (s) [1] | I4: 5m (s) [2] | J4: 5m (s) [3] | K4: ★ Paras 5m | L4: Taso 5m | M4: 10m (s) [1] | N4: 10m (s) [2] | O4: 10m (s) [3] | P4: ★ Paras 10m | Q4: Taso 10m | R4: 20m (s) [1] | S4: 20m (s) [2] | T4: 20m (s) [3] | U4: ★ Paras 20m | V4: Taso 20m | W4: 30m (s) [1] | X4: 30m (s) [2] | Y4: 30m (s) [3] | Z4: ★ Paras 30m | AA4: Taso 30m | AB4: Kasirata (s) [1] | AC4: Kasirata (s) [2] | AD4: Kasirata (s) [3] | AE4: ★ Paras Kasirata | AF4: Taso Kasirata | AG4: SM-juoksu (s) [1] | AH4: SM-juoksu (s) [2] | AI4: SM-juoksu (s) [3] | AJ4: ★ Paras SM-juoksu | AK4: Taso SM-juoksu | AL4: SM-pallo (s) [1] | AM4: SM-pallo (s) [2] | AN4: ★ Paras SM-pallo | AO4: Taso SM-pallo | AP4: CMJ (cm) [1] | AQ4: CMJ (cm) [2] | AR4: CMJ (cm) [3] | AS4: ★ Paras CMJ | AT4: Taso CMJ | AU4: Bronco (m/s) [1] | AV4: ★ Paras Bronco | AW4: Taso Bronco | AX4: Pujottelu (s) [1] | AY4: Pujottelu (s) [2] | AZ4: ★ Paras Pujottelu | BA4: Taso Pujottelu | BB4: Syöttö (s) [1] | BC4: Syöttö (s) [2] | BD4: ★ Paras Syöttö | BE4: Taso Syöttö | BF4: Bio-ikä (Mirwald) | BG4: Taso-ero bio-krono | BH4: Huomio
K5: =IFERROR(MIN(H5,I5,J5),"") | L5: =IF(OR(K5="",D5=""),"",IF(K5<=IFERROR(VLOOKUP(CONCATENATE(D5,YEAR(TODAY())-YEAR(C5),"lin5m"),_viitearvot!$I$2:$M$205,2,FALSE()),99),5,IF(K5<=IFERROR(VLOOKUP(CONCATENATE(D5,YEAR(TODAY())-YEAR(C5),"lin5m"),_viitearvot!$I$2:$M$205,3,FALSE()),99),4,IF(K5<=IFERROR(VLOOKUP(CONCATENATE(D5,YEAR(TODAY())-YEAR(C5),"lin5m"),_viitearvot!$I$2:$M$205,4,FALSE()),99),3,IF(K5<=IFERROR(VLOOKUP(CONCATENATE(D5,YEAR(TODAY())-YEAR(C5),"lin5m"),_viitearvot!$I$2:$M$205,5,FALSE()),99),2,1))))) | P5: =IFERROR(MIN(M5,N5,O5),"") | Q5: =IF(OR(P5="",D5=""),"",IF(P5<=IFERROR(VLOOKUP(CONCATENATE(D5,YEAR(TODAY())-YEAR(C5),"lin10m"),_viitearvot!$I$2:$M$205,2,FALSE()),99),5,IF(P5<=IFERROR(VLOOKUP(CONCATENATE(D5,YEAR(TODAY())-YEAR(C5),"lin10m"),_viitearvot!$I$2:$M$205,3,FALSE()),99),4,IF(P5<=IFERROR(VLOOKUP(CONCATENATE(D5,YEAR(TODAY())-YEAR(C5),"lin10m"),_viitearvot!$I$2:$M$205,4,FALSE()),99),3,IF(P5<=IFERROR(VLOOKUP(CONCATENATE(D5,YEAR(TODAY())-YEAR(C5),"lin10m"),_viitearvot!$I$2:$M$205,5,FALSE()),99),2,1))))) | U5: =IFERROR(MIN(R5,S5,T5),"") | V5: =IF(OR(U5="",D5=""),"",IF(U5<=IFERROR(VLOOKUP(CONCATENATE(D5,YEAR(TODAY())-YEAR(C5),"lin20m"),_viitearvot!$I$2:$M$205,2,FALSE()),99),5,IF(U5<=IFERROR(VLOOKUP(CONCATENATE(D5,YEAR(TODAY())-YEAR(C5),"lin20m"),_viitearvot!$I$2:$M$205,3,FALSE()),99),4,IF(U5<=IFERROR(VLOOKUP(CONCATENATE(D5,YEAR(TODAY())-YEAR(C5),"lin20m"),_viitearvot!$I$2:$M$205,4,FALSE()),99),3,IF(U5<=IFERROR(VLOOKUP(CONCATENATE(D5,YEAR(TODAY())-YEAR(C5),"lin20m"),_viitearvot!$I$2:$M$205,5,FALSE()),99),2,1))))) | Z5: =IFERROR(MIN(W5,X5,Y5),"") | AA5: =IF(OR(Z5="",D5=""),"",IF(Z5<=IFERROR(VLOOKUP(CONCATENATE(D5,YEAR(TODAY())-YEAR(C5),"lin30m"),_viitearvot!$I$2:$M$205,2,FALSE()),99),5,IF(Z5<=IFERROR(VLOOKUP(CONCATENATE(D5,YEAR(TODAY())-YEAR(C5),"lin30m"),_viitearvot!$I$2:$M$205,3,FALSE()),99),4,IF(Z5<=IFERROR(VLOOKUP(CONCATENATE(D5,YEAR(TODAY())-YEAR(C5),"lin30m"),_viitearvot!$I$2:$M$205,4,FALSE()),99),3,IF(Z5<=IFERROR(VLOOKUP(CONCATENATE(D5,YEAR(TODAY())-YEAR(C5),"lin30m"),_viitearvot!$I$2:$M$205,5,FALSE()),99),2,1))))) | AE5: =IFERROR(MIN(AB5,AC5,AD5),"") | AF5: =IF(OR(AE5="",D5=""),"",IF(AE5<=IFERROR(VLOOKUP(CONCATENATE(D5,YEAR(TODAY())-YEAR(C5),"kasirata"),_viitearvot!$I$2:$M$205,2,FALSE()),99),5,IF(AE5<=IFERROR(VLOOKUP(CONCATENATE(D5,YEAR(TODAY())-YEAR(C5),"kasirata"),_viitearvot!$I$2:$M$205,3,FALSE()),99),4,IF(AE5<=IFERROR(VLOOKUP(CONCATENATE(D5,YEAR(TODAY())-YEAR(C5),"kasirata"),_viitearvot!$I$2:$M$205,4,FALSE()),99),3,IF(AE5<=IFERROR(VLOOKUP(CONCATENATE(D5,YEAR(TODAY())-YEAR(C5),"kasirata"),_viitearvot!$I$2:$M$205,5,FALSE()),99),2,1))))) | AJ5: =IFERROR(MIN(AG5,AH5,AI5),"") | AK5: =IF(OR(AJ5="",D5=""),"",IF(AJ5<=IFERROR(VLOOKUP(CONCATENATE(D5,YEAR(TODAY())-YEAR(C5),"smjuoksu"),_viitearvot!$I$2:$M$205,2,FALSE()),99),5,IF(AJ5<=IFERROR(VLOOKUP(CONCATENATE(D5,YEAR(TODAY())-YEAR(C5),"smjuoksu"),_viitearvot!$I$2:$M$205,3,FALSE()),99),4,IF(AJ5<=IFERROR(VLOOKUP(CONCATENATE(D5,YEAR(TODAY())-YEAR(C5),"smjuoksu"),_viitearvot!$I$2:$M$205,4,FALSE()),99),3,IF(AJ5<=IFERROR(VLOOKUP(CONCATENATE(D5,YEAR(TODAY())-YEAR(C5),"smjuoksu"),_viitearvot!$I$2:$M$205,5,FALSE()),99),2,1))))) | AN5: =IFERROR(MIN(AL5,AM5),"") | AO5: =IF(OR(AN5="",D5=""),"",IF(AN5<=IFERROR(VLOOKUP(CONCATENATE(D5,YEAR(TODAY())-YEAR(C5),"smpallo"),_viitearvot!$I$2:$M$205,2,FALSE()),99),5,IF(AN5<=IFERROR(VLOOKUP(CONCATENATE(D5,YEAR(TODAY())-YEAR(C5),"smpallo"),_viitearvot!$I$2:$M$205,3,FALSE()),99),4,IF(AN5<=IFERROR(VLOOKUP(CONCATENATE(D5,YEAR(TODAY())-YEAR(C5),"smpallo"),_viitearvot!$I$2:$M$205,4,FALSE()),99),3,IF(AN5<=IFERROR(VLOOKUP(CONCATENATE(D5,YEAR(TODAY())-YEAR(C5),"smpallo"),_viitearvot!$I$2:$M$205,5,FALSE()),99),2,1))))) | AS5: =IFERROR(MAX(AP5,AQ5,AR5),"") | AT5: =IF(OR(AS5="",D5=""),"",IF(AS5>=IFERROR(VLOOKUP(CONCATENATE(D5,YEAR(TODAY())-YEAR(C5),"cmj"),_viitearvot!$I$2:$M$205,2,FALSE()),0),5,IF(AS5>=IFERROR(VLOOKUP(CONCATENATE(D5,YEAR(TODAY())-YEAR(C5),"cmj"),_viitearvot!$I$2:$M$205,3,FALSE()),0),4,IF(AS5>=IFERROR(VLOOKUP(CONCATENATE(D5,YEAR(TODAY())-YEAR(C5),"cmj"),_viitearvot!$I$2:$M$205,4,FALSE()),0),3,IF(AS5>=IFERROR(VLOOKUP(CONCATENATE(D5,YEAR(TODAY())-YEAR(C5),"cmj"),_viitearvot!$I$2:$M$205,5,FALSE()),0),2,1))))) | AV5: =IFERROR(MAX(AU5),"") | AW5: =IF(OR(AV5="",D5=""),"",IF(AV5>=IFERROR(VLOOKUP(CONCATENATE(D5,YEAR(TODAY())-YEAR(C5),"bronco"),_viitearvot!$I$2:$M$205,2,FALSE()),0),5,IF(AV5>=IFERROR(VLOOKUP(CONCATENATE(D5,YEAR(TODAY())-YEAR(C5),"bronco"),_viitearvot!$I$2:$M$205,3,FALSE()),0),4,IF(AV5>=IFERROR(VLOOKUP(CONCATENATE(D5,YEAR(TODAY())-YEAR(C5),"bronco"),_viitearvot!$I$2:$M$205,4,FALSE()),0),3,IF(AV5>=IFERROR(VLOOKUP(CONCATENATE(D5,YEAR(TODAY())-YEAR(C5),"bronco"),_viitearvot!$I$2:$M$205,5,FALSE()),0),2,1))))) | AZ5: =IFERROR(MIN(AX5,AY5),"") | BA5: =IF(OR(AZ5="",D5=""),"",IF(AZ5<=IFERROR(VLOOKUP(CONCATENATE(D5,YEAR(TODAY())-YEAR(C5),"pujottelu"),_viitearvot!$I$2:$M$205,2,FALSE()),99),5,IF(AZ5<=IFERROR(VLOOKUP(CONCATENATE(D5,YEAR(TODAY())-YEAR(C5),"pujottelu"),_viitearvot!$I$2:$M$205,3,FALSE()),99),4,IF(AZ5<=IFERROR(VLOOKUP(CONCATENATE(D5,YEAR(TODAY())-YEAR(C5),"pujottelu"),_viitearvot!$I$2:$M$205,4,FALSE()),99),3,IF(AZ5<=IFERROR(VLOOKUP(CONCATENATE(D5,YEAR(TODAY())-YEAR(C5),"pujottelu"),_viitearvot!$I$2:$M$205,5,FALSE()),99),2,1))))) | BD5: =IFERROR(MIN(BB5,BC5),"") | BE5: =IF(OR(BD5="",D5=""),"",IF(BD5<=IFERROR(VLOOKUP(CONCATENATE(D5,YEAR(TODAY())-YEAR(C5),"syotto"),_viitearvot!$I$2:$M$205,2,FALSE()),99),5,IF(BD5<=IFERROR(VLOOKUP(CONCATENATE(D5,YEAR(TODAY())-YEAR(C5),"syotto"),_viitearvot!$I$2:$M$205,3,FALSE()),99),4,IF(BD5<=IFERROR(VLOOKUP(CONCATENATE(D5,YEAR(TODAY())-YEAR(C5),"syotto"),_viitearvot!$I$2:$M$205,4,FALSE()),99),3,IF(BD5<=IFERROR(VLOOKUP(CONCATENATE(D5,YEAR(TODAY())-YEAR(C5),"syotto"),_viitearvot!$I$2:$M$205,5,FALSE()),99),2,1))))) | BG5: =IF(OR(BF5="",K5=""),"",(IF(D5="P",IF(K5<=IFERROR(VLOOKUP(CONCATENATE("P",ROUND(BF5,0),"lin5m"),_viitearvot!$A:$H,4,FALSE()),99),5,IF(K5<=IFERROR(VLOOKUP(CONCATENATE("P",ROUND(BF5,0),"lin5m"),_viitearvot!$A:$H,5,FALSE()),99),4,IF(K5<=IFERROR(VLOOKUP(CONCATENATE("P",ROUND(BF5,0),"lin5m"),_viitearvot!$A:$H,6,FALSE()),99),3,IF(K5<=IFERROR(VLOOKUP(CONCATENATE("P",ROUND(BF5,0),"lin5m"),_viitearvot!$A:$H,7,FALSE()),99),2,1)))),IF(K5<=IFERROR(VLOOKUP(CONCATENATE("T",ROUND(BF5,0),"lin5m"),_viitearvot!$A:$H,4,FALSE()),99),5,IF(K5<=IFERROR(VLOOKUP(CONCATENATE("T",ROUND(BF5,0),"lin5m"),_viitearvot!$A:$H,5,FALSE()),99),4,IF(K5<=IFERROR(VLOOKUP(CONCATENATE("T",ROUND(BF5,0),"lin5m"),_viitearvot!$A:$H,6,FALSE()),99),3,IF(K5<=IFERROR(VLOOKUP(CONCATENATE("T",ROUND(BF5,0),"lin5m"),_viitearvot!$A:$H,7,FALSE()),99),2,1))))))-L5)
K6: =IFERROR(MIN(H6,I6,J6),"") | L6: =IF(OR(K6="",D6=""),"",IF(K6<=IFERROR(VLOOKUP(CONCATENATE(D6,YEAR(TODAY())-YEAR(C6),"lin5m"),_viitearvot!$I$2:$M$205,2,FALSE()),99),5,IF(K6<=IFERROR(VLOOKUP(CONCATENATE(D6,YEAR(TODAY())-YEAR(C6),"lin5m"),_viitearvot!$I$2:$M$205,3,FALSE()),99),4,IF(K6<=IFERROR(VLOOKUP(CONCATENATE(D6,YEAR(TODAY())-YEAR(C6),"lin5m"),_viitearvot!$I$2:$M$205,4,FALSE()),99),3,IF(K6<=IFERROR(VLOOKUP(CONCATENATE(D6,YEAR(TODAY())-YEAR(C6),"lin5m"),_viitearvot!$I$2:$M$205,5,FALSE()),99),2,1))))) | P6: =IFERROR(MIN(M6,N6,O6),"") | Q6: =IF(OR(P6="",D6=""),"",IF(P6<=IFERROR(VLOOKUP(CONCATENATE(D6,YEAR(TODAY())-YEAR(C6),"lin10m"),_viitearvot!$I$2:$M$205,2,FALSE()),99),5,IF(P6<=IFERROR(VLOOKUP(CONCATENATE(D6,YEAR(TODAY())-YEAR(C6),"lin10m"),_viitearvot!$I$2:$M$205,3,FALSE()),99),4,IF(P6<=IFERROR(VLOOKUP(CONCATENATE(D6,YEAR(TODAY())-YEAR(C6),"lin10m"),_viitearvot!$I$2:$M$205,4,FALSE()),99),3,IF(P6<=IFERROR(VLOOKUP(CONCATENATE(D6,YEAR(TODAY())-YEAR(C6),"lin10m"),_viitearvot!$I$2:$M$205,5,FALSE()),99),2,1))))) | U6: =IFERROR(MIN(R6,S6,T6),"") | V6: =IF(OR(U6="",D6=""),"",IF(U6<=IFERROR(VLOOKUP(CONCATENATE(D6,YEAR(TODAY())-YEAR(C6),"lin20m"),_viitearvot!$I$2:$M$205,2,FALSE()),99),5,IF(U6<=IFERROR(VLOOKUP(CONCATENATE(D6,YEAR(TODAY())-YEAR(C6),"lin20m"),_viitearvot!$I$2:$M$205,3,FALSE()),99),4,IF(U6<=IFERROR(VLOOKUP(CONCATENATE(D6,YEAR(TODAY())-YEAR(C6),"lin20m"),_viitearvot!$I$2:$M$205,4,FALSE()),99),3,IF(U6<=IFERROR(VLOOKUP(CONCATENATE(D6,YEAR(TODAY())-YEAR(C6),"lin20m"),_viitearvot!$I$2:$M$205,5,FALSE()),99),2,1))))) | Z6: =IFERROR(MIN(W6,X6,Y6),"") | AA6: =IF(OR(Z6="",D6=""),"",IF(Z6<=IFERROR(VLOOKUP(CONCATENATE(D6,YEAR(TODAY())-YEAR(C6),"lin30m"),_viitearvot!$I$2:$M$205,2,FALSE()),99),5,IF(Z6<=IFERROR(VLOOKUP(CONCATENATE(D6,YEAR(TODAY())-YEAR(C6),"lin30m"),_viitearvot!$I$2:$M$205,3,FALSE()),99),4,IF(Z6<=IFERROR(VLOOKUP(CONCATENATE(D6,YEAR(TODAY())-YEAR(C6),"lin30m"),_viitearvot!$I$2:$M$205,4,FALSE()),99),3,IF(Z6<=IFERROR(VLOOKUP(CONCATENATE(D6,YEAR(TODAY())-YEAR(C6),"lin30m"),_viitearvot!$I$2:$M$205,5,FALSE()),99),2,1))))) | AE6: =IFERROR(MIN(AB6,AC6,AD6),"") | AF6: =IF(OR(AE6="",D6=""),"",IF(AE6<=IFERROR(VLOOKUP(CONCATENATE(D6,YEAR(TODAY())-YEAR(C6),"kasirata"),_viitearvot!$I$2:$M$205,2,FALSE()),99),5,IF(AE6<=IFERROR(VLOOKUP(CONCATENATE(D6,YEAR(TODAY())-YEAR(C6),"kasirata"),_viitearvot!$I$2:$M$205,3,FALSE()),99),4,IF(AE6<=IFERROR(VLOOKUP(CONCATENATE(D6,YEAR(TODAY())-YEAR(C6),"kasirata"),_viitearvot!$I$2:$M$205,4,FALSE()),99),3,IF(AE6<=IFERROR(VLOOKUP(CONCATENATE(D6,YEAR(TODAY())-YEAR(C6),"kasirata"),_viitearvot!$I$2:$M$205,5,FALSE()),99),2,1))))) | AJ6: =IFERROR(MIN(AG6,AH6,AI6),"") | AK6: =IF(OR(AJ6="",D6=""),"",IF(AJ6<=IFERROR(VLOOKUP(CONCATENATE(D6,YEAR(TODAY())-YEAR(C6),"smjuoksu"),_viitearvot!$I$2:$M$205,2,FALSE()),99),5,IF(AJ6<=IFERROR(VLOOKUP(CONCATENATE(D6,YEAR(TODAY())-YEAR(C6),"smjuoksu"),_viitearvot!$I$2:$M$205,3,FALSE()),99),4,IF(AJ6<=IFERROR(VLOOKUP(CONCATENATE(D6,YEAR(TODAY())-YEAR(C6),"smjuoksu"),_viitearvot!$I$2:$M$205,4,FALSE()),99),3,IF(AJ6<=IFERROR(VLOOKUP(CONCATENATE(D6,YEAR(TODAY())-YEAR(C6),"smjuoksu"),_viitearvot!$I$2:$M$205,5,FALSE()),99),2,1))))) | AN6: =IFERROR(MIN(AL6,AM6),"") | AO6: =IF(OR(AN6="",D6=""),"",IF(AN6<=IFERROR(VLOOKUP(CONCATENATE(D6,YEAR(TODAY())-YEAR(C6),"smpallo"),_viitearvot!$I$2:$M$205,2,FALSE()),99),5,IF(AN6<=IFERROR(VLOOKUP(CONCATENATE(D6,YEAR(TODAY())-YEAR(C6),"smpallo"),_viitearvot!$I$2:$M$205,3,FALSE()),99),4,IF(AN6<=IFERROR(VLOOKUP(CONCATENATE(D6,YEAR(TODAY())-YEAR(C6),"smpallo"),_viitearvot!$I$2:$M$205,4,FALSE()),99),3,IF(AN6<=IFERROR(VLOOKUP(CONCATENATE(D6,YEAR(TODAY())-YEAR(C6),"smpallo"),_viitearvot!$I$2:$M$205,5,FALSE()),99),2,1))))) | AS6: =IFERROR(MAX(AP6,AQ6,AR6),"") | AT6: =IF(OR(AS6="",D6=""),"",IF(AS6>=IFERROR(VLOOKUP(CONCATENATE(D6,YEAR(TODAY())-YEAR(C6),"cmj"),_viitearvot!$I$2:$M$205,2,FALSE()),0),5,IF(AS6>=IFERROR(VLOOKUP(CONCATENATE(D6,YEAR(TODAY())-YEAR(C6),"cmj"),_viitearvot!$I$2:$M$205,3,FALSE()),0),4,IF(AS6>=IFERROR(VLOOKUP(CONCATENATE(D6,YEAR(TODAY())-YEAR(C6),"cmj"),_viitearvot!$I$2:$M$205,4,FALSE()),0),3,IF(AS6>=IFERROR(VLOOKUP(CONCATENATE(D6,YEAR(TODAY())-YEAR(C6),"cmj"),_viitearvot!$I$2:$M$205,5,FALSE()),0),2,1))))) | AV6: =IFERROR(MAX(AU6),"") | AW6: =IF(OR(AV6="",D6=""),"",IF(AV6>=IFERROR(VLOOKUP(CONCATENATE(D6,YEAR(TODAY())-YEAR(C6),"bronco"),_viitearvot!$I$2:$M$205,2,FALSE()),0),5,IF(AV6>=IFERROR(VLOOKUP(CONCATENATE(D6,YEAR(TODAY())-YEAR(C6),"bronco"),_viitearvot!$I$2:$M$205,3,FALSE()),0),4,IF(AV6>=IFERROR(VLOOKUP(CONCATENATE(D6,YEAR(TODAY())-YEAR(C6),"bronco"),_viitearvot!$I$2:$M$205,4,FALSE()),0),3,IF(AV6>=IFERROR(VLOOKUP(CONCATENATE(D6,YEAR(TODAY())-YEAR(C6),"bronco"),_viitearvot!$I$2:$M$205,5,FALSE()),0),2,1))))) | AZ6: =IFERROR(MIN(AX6,AY6),"") | BA6: =IF(OR(AZ6="",D6=""),"",IF(AZ6<=IFERROR(VLOOKUP(CONCATENATE(D6,YEAR(TODAY())-YEAR(C6),"pujottelu"),_viitearvot!$I$2:$M$205,2,FALSE()),99),5,IF(AZ6<=IFERROR(VLOOKUP(CONCATENATE(D6,YEAR(TODAY())-YEAR(C6),"pujottelu"),_viitearvot!$I$2:$M$205,3,FALSE()),99),4,IF(AZ6<=IFERROR(VLOOKUP(CONCATENATE(D6,YEAR(TODAY())-YEAR(C6),"pujottelu"),_viitearvot!$I$2:$M$205,4,FALSE()),99),3,IF(AZ6<=IFERROR(VLOOKUP(CONCATENATE(D6,YEAR(TODAY())-YEAR(C6),"pujottelu"),_viitearvot!$I$2:$M$205,5,FALSE()),99),2,1))))) | BD6: =IFERROR(MIN(BB6,BC6),"") | BE6: =IF(OR(BD6="",D6=""),"",IF(BD6<=IFERROR(VLOOKUP(CONCATENATE(D6,YEAR(TODAY())-YEAR(C6),"syotto"),_viitearvot!$I$2:$M$205,2,FALSE()),99),5,IF(BD6<=IFERROR(VLOOKUP(CONCATENATE(D6,YEAR(TODAY())-YEAR(C6),"syotto"),_viitearvot!$I$2:$M$205,3,FALSE()),99),4,IF(BD6<=IFERROR(VLOOKUP(CONCATENATE(D6,YEAR(TODAY())-YEAR(C6),"syotto"),_viitearvot!$I$2:$M$205,4,FALSE()),99),3,IF(BD6<=IFERROR(VLOOKUP(CONCATENATE(D6,YEAR(TODAY())-YEAR(C6),"syotto"),_viitearvot!$I$2:$M$205,5,FALSE()),99),2,1))))) | BG6: =IF(OR(BF6="",K6=""),"",(IF(D6="P",IF(K6<=IFERROR(VLOOKUP(CONCATENATE("P",ROUND(BF6,0),"lin5m"),_viitearvot!$A:$H,4,FALSE()),99),5,IF(K6<=IFERROR(VLOOKUP(CONCATENATE("P",ROUND(BF6,0),"lin5m"),_viitearvot!$A:$H,5,FALSE()),99),4,IF(K6<=IFERROR(VLOOKUP(CONCATENATE("P",ROUND(BF6,0),"lin5m"),_viitearvot!$A:$H,6,FALSE()),99),3,IF(K6<=IFERROR(VLOOKUP(CONCATENATE("P",ROUND(BF6,0),"lin5m"),_viitearvot!$A:$H,7,FALSE()),99),2,1)))),IF(K6<=IFERROR(VLOOKUP(CONCATENATE("T",ROUND(BF6,0),"lin5m"),_viitearvot!$A:$H,4,FALSE()),99),5,IF(K6<=IFERROR(VLOOKUP(CONCATENATE("T",ROUND(BF6,0),"lin5m"),_viitearvot!$A:$H,5,FALSE()),99),4,IF(K6<=IFERROR(VLOOKUP(CONCATENATE("T",ROUND(BF6,0),"lin5m"),_viitearvot!$A:$H,6,FALSE()),99),3,IF(K6<=IFERROR(VLOOKUP(CONCATENATE("T",ROUND(BF6,0),"lin5m"),_viitearvot!$A:$H,7,FALSE()),99),2,1))))))-L6)
K7: =IFERROR(MIN(H7,I7,J7),"") | L7: =IF(OR(K7="",D7=""),"",IF(K7<=IFERROR(VLOOKUP(CONCATENATE(D7,YEAR(TODAY())-YEAR(C7),"lin5m"),_viitearvot!$I$2:$M$205,2,FALSE()),99),5,IF(K7<=IFERROR(VLOOKUP(CONCATENATE(D7,YEAR(TODAY())-YEAR(C7),"lin5m"),_viitearvot!$I$2:$M$205,3,FALSE()),99),4,IF(K7<=IFERROR(VLOOKUP(CONCATENATE(D7,YEAR(TODAY())-YEAR(C7),"lin5m"),_viitearvot!$I$2:$M$205,4,FALSE()),99),3,IF(K7<=IFERROR(VLOOKUP(CONCATENATE(D7,YEAR(TODAY())-YEAR(C7),"lin5m"),_viitearvot!$I$2:$M$205,5,FALSE()),99),2,1))))) | P7: =IFERROR(MIN(M7,N7,O7),"") | Q7: =IF(OR(P7="",D7=""),"",IF(P7<=IFERROR(VLOOKUP(CONCATENATE(D7,YEAR(TODAY())-YEAR(C7),"lin10m"),_viitearvot!$I$2:$M$205,2,FALSE()),99),5,IF(P7<=IFERROR(VLOOKUP(CONCATENATE(D7,YEAR(TODAY())-YEAR(C7),"lin10m"),_viitearvot!$I$2:$M$205,3,FALSE()),99),4,IF(P7<=IFERROR(VLOOKUP(CONCATENATE(D7,YEAR(TODAY())-YEAR(C7),"lin10m"),_viitearvot!$I$2:$M$205,4,FALSE()),99),3,IF(P7<=IFERROR(VLOOKUP(CONCATENATE(D7,YEAR(TODAY())-YEAR(C7),"lin10m"),_viitearvot!$I$2:$M$205,5,FALSE()),99),2,1))))) | U7: =IFERROR(MIN(R7,S7,T7),"") | V7: =IF(OR(U7="",D7=""),"",IF(U7<=IFERROR(VLOOKUP(CONCATENATE(D7,YEAR(TODAY())-YEAR(C7),"lin20m"),_viitearvot!$I$2:$M$205,2,FALSE()),99),5,IF(U7<=IFERROR(VLOOKUP(CONCATENATE(D7,YEAR(TODAY())-YEAR(C7),"lin20m"),_viitearvot!$I$2:$M$205,3,FALSE()),99),4,IF(U7<=IFERROR(VLOOKUP(CONCATENATE(D7,YEAR(TODAY())-YEAR(C7),"lin20m"),_viitearvot!$I$2:$M$205,4,FALSE()),99),3,IF(U7<=IFERROR(VLOOKUP(CONCATENATE(D7,YEAR(TODAY())-YEAR(C7),"lin20m"),_viitearvot!$I$2:$M$205,5,FALSE()),99),2,1))))) | Z7: =IFERROR(MIN(W7,X7,Y7),"") | AA7: =IF(OR(Z7="",D7=""),"",IF(Z7<=IFERROR(VLOOKUP(CONCATENATE(D7,YEAR(TODAY())-YEAR(C7),"lin30m"),_viitearvot!$I$2:$M$205,2,FALSE()),99),5,IF(Z7<=IFERROR(VLOOKUP(CONCATENATE(D7,YEAR(TODAY())-YEAR(C7),"lin30m"),_viitearvot!$I$2:$M$205,3,FALSE()),99),4,IF(Z7<=IFERROR(VLOOKUP(CONCATENATE(D7,YEAR(TODAY())-YEAR(C7),"lin30m"),_viitearvot!$I$2:$M$205,4,FALSE()),99),3,IF(Z7<=IFERROR(VLOOKUP(CONCATENATE(D7,YEAR(TODAY())-YEAR(C7),"lin30m"),_viitearvot!$I$2:$M$205,5,FALSE()),99),2,1))))) | AE7: =IFERROR(MIN(AB7,AC7,AD7),"") | AF7: =IF(OR(AE7="",D7=""),"",IF(AE7<=IFERROR(VLOOKUP(CONCATENATE(D7,YEAR(TODAY())-YEAR(C7),"kasirata"),_viitearvot!$I$2:$M$205,2,FALSE()),99),5,IF(AE7<=IFERROR(VLOOKUP(CONCATENATE(D7,YEAR(TODAY())-YEAR(C7),"kasirata"),_viitearvot!$I$2:$M$205,3,FALSE()),99),4,IF(AE7<=IFERROR(VLOOKUP(CONCATENATE(D7,YEAR(TODAY())-YEAR(C7),"kasirata"),_viitearvot!$I$2:$M$205,4,FALSE()),99),3,IF(AE7<=IFERROR(VLOOKUP(CONCATENATE(D7,YEAR(TODAY())-YEAR(C7),"kasirata"),_viitearvot!$I$2:$M$205,5,FALSE()),99),2,1))))) | AJ7: =IFERROR(MIN(AG7,AH7,AI7),"") | AK7: =IF(OR(AJ7="",D7=""),"",IF(AJ7<=IFERROR(VLOOKUP(CONCATENATE(D7,YEAR(TODAY())-YEAR(C7),"smjuoksu"),_viitearvot!$I$2:$M$205,2,FALSE()),99),5,IF(AJ7<=IFERROR(VLOOKUP(CONCATENATE(D7,YEAR(TODAY())-YEAR(C7),"smjuoksu"),_viitearvot!$I$2:$M$205,3,FALSE()),99),4,IF(AJ7<=IFERROR(VLOOKUP(CONCATENATE(D7,YEAR(TODAY())-YEAR(C7),"smjuoksu"),_viitearvot!$I$2:$M$205,4,FALSE()),99),3,IF(AJ7<=IFERROR(VLOOKUP(CONCATENATE(D7,YEAR(TODAY())-YEAR(C7),"smjuoksu"),_viitearvot!$I$2:$M$205,5,FALSE()),99),2,1))))) | AN7: =IFERROR(MIN(AL7,AM7),"") | AO7: =IF(OR(AN7="",D7=""),"",IF(AN7<=IFERROR(VLOOKUP(CONCATENATE(D7,YEAR(TODAY())-YEAR(C7),"smpallo"),_viitearvot!$I$2:$M$205,2,FALSE()),99),5,IF(AN7<=IFERROR(VLOOKUP(CONCATENATE(D7,YEAR(TODAY())-YEAR(C7),"smpallo"),_viitearvot!$I$2:$M$205,3,FALSE()),99),4,IF(AN7<=IFERROR(VLOOKUP(CONCATENATE(D7,YEAR(TODAY())-YEAR(C7),"smpallo"),_viitearvot!$I$2:$M$205,4,FALSE()),99),3,IF(AN7<=IFERROR(VLOOKUP(CONCATENATE(D7,YEAR(TODAY())-YEAR(C7),"smpallo"),_viitearvot!$I$2:$M$205,5,FALSE()),99),2,1))))) | AS7: =IFERROR(MAX(AP7,AQ7,AR7),"") | AT7: =IF(OR(AS7="",D7=""),"",IF(AS7>=IFERROR(VLOOKUP(CONCATENATE(D7,YEAR(TODAY())-YEAR(C7),"cmj"),_viitearvot!$I$2:$M$205,2,FALSE()),0),5,IF(AS7>=IFERROR(VLOOKUP(CONCATENATE(D7,YEAR(TODAY())-YEAR(C7),"cmj"),_viitearvot!$I$2:$M$205,3,FALSE()),0),4,IF(AS7>=IFERROR(VLOOKUP(CONCATENATE(D7,YEAR(TODAY())-YEAR(C7),"cmj"),_viitearvot!$I$2:$M$205,4,FALSE()),0),3,IF(AS7>=IFERROR(VLOOKUP(CONCATENATE(D7,YEAR(TODAY())-YEAR(C7),"cmj"),_viitearvot!$I$2:$M$205,5,FALSE()),0),2,1))))) | AV7: =IFERROR(MAX(AU7),"") | AW7: =IF(OR(AV7="",D7=""),"",IF(AV7>=IFERROR(VLOOKUP(CONCATENATE(D7,YEAR(TODAY())-YEAR(C7),"bronco"),_viitearvot!$I$2:$M$205,2,FALSE()),0),5,IF(AV7>=IFERROR(VLOOKUP(CONCATENATE(D7,YEAR(TODAY())-YEAR(C7),"bronco"),_viitearvot!$I$2:$M$205,3,FALSE()),0),4,IF(AV7>=IFERROR(VLOOKUP(CONCATENATE(D7,YEAR(TODAY())-YEAR(C7),"bronco"),_viitearvot!$I$2:$M$205,4,FALSE()),0),3,IF(AV7>=IFERROR(VLOOKUP(CONCATENATE(D7,YEAR(TODAY())-YEAR(C7),"bronco"),_viitearvot!$I$2:$M$205,5,FALSE()),0),2,1))))) | AZ7: =IFERROR(MIN(AX7,AY7),"") | BA7: =IF(OR(AZ7="",D7=""),"",IF(AZ7<=IFERROR(VLOOKUP(CONCATENATE(D7,YEAR(TODAY())-YEAR(C7),"pujottelu"),_viitearvot!$I$2:$M$205,2,FALSE()),99),5,IF(AZ7<=IFERROR(VLOOKUP(CONCATENATE(D7,YEAR(TODAY())-YEAR(C7),"pujottelu"),_viitearvot!$I$2:$M$205,3,FALSE()),99),4,IF(AZ7<=IFERROR(VLOOKUP(CONCATENATE(D7,YEAR(TODAY())-YEAR(C7),"pujottelu"),_viitearvot!$I$2:$M$205,4,FALSE()),99),3,IF(AZ7<=IFERROR(VLOOKUP(CONCATENATE(D7,YEAR(TODAY())-YEAR(C7),"pujottelu"),_viitearvot!$I$2:$M$205,5,FALSE()),99),2,1))))) | BD7: =IFERROR(MIN(BB7,BC7),"") | BE7: =IF(OR(BD7="",D7=""),"",IF(BD7<=IFERROR(VLOOKUP(CONCATENATE(D7,YEAR(TODAY())-YEAR(C7),"syotto"),_viitearvot!$I$2:$M$205,2,FALSE()),99),5,IF(BD7<=IFERROR(VLOOKUP(CONCATENATE(D7,YEAR(TODAY())-YEAR(C7),"syotto"),_viitearvot!$I$2:$M$205,3,FALSE()),99),4,IF(BD7<=IFERROR(VLOOKUP(CONCATENATE(D7,YEAR(TODAY())-YEAR(C7),"syotto"),_viitearvot!$I$2:$M$205,4,FALSE()),99),3,IF(BD7<=IFERROR(VLOOKUP(CONCATENATE(D7,YEAR(TODAY())-YEAR(C7),"syotto"),_viitearvot!$I$2:$M$205,5,FALSE()),99),2,1))))) | BG7: =IF(OR(BF7="",K7=""),"",(IF(D7="P",IF(K7<=IFERROR(VLOOKUP(CONCATENATE("P",ROUND(BF7,0),"lin5m"),_viitearvot!$A:$H,4,FALSE()),99),5,IF(K7<=IFERROR(VLOOKUP(CONCATENATE("P",ROUND(BF7,0),"lin5m"),_viitearvot!$A:$H,5,FALSE()),99),4,IF(K7<=IFERROR(VLOOKUP(CONCATENATE("P",ROUND(BF7,0),"lin5m"),_viitearvot!$A:$H,6,FALSE()),99),3,IF(K7<=IFERROR(VLOOKUP(CONCATENATE("P",ROUND(BF7,0),"lin5m"),_viitearvot!$A:$H,7,FALSE()),99),2,1)))),IF(K7<=IFERROR(VLOOKUP(CONCATENATE("T",ROUND(BF7,0),"lin5m"),_viitearvot!$A:$H,4,FALSE()),99),5,IF(K7<=IFERROR(VLOOKUP(CONCATENATE("T",ROUND(BF7,0),"lin5m"),_viitearvot!$A:$H,5,FALSE()),99),4,IF(K7<=IFERROR(VLOOKUP(CONCATENATE("T",ROUND(BF7,0),"lin5m"),_viitearvot!$A:$H,6,FALSE()),99),3,IF(K7<=IFERROR(VLOOKUP(CONCATENATE("T",ROUND(BF7,0),"lin5m"),_viitearvot!$A:$H,7,FALSE()),99),2,1))))))-L7)
K8: =IFERROR(MIN(H8,I8,J8),"") | L8: =IF(OR(K8="",D8=""),"",IF(K8<=IFERROR(VLOOKUP(CONCATENATE(D8,YEAR(TODAY())-YEAR(C8),"lin5m"),_viitearvot!$I$2:$M$205,2,FALSE()),99),5,IF(K8<=IFERROR(VLOOKUP(CONCATENATE(D8,YEAR(TODAY())-YEAR(C8),"lin5m"),_viitearvot!$I$2:$M$205,3,FALSE()),99),4,IF(K8<=IFERROR(VLOOKUP(CONCATENATE(D8,YEAR(TODAY())-YEAR(C8),"lin5m"),_viitearvot!$I$2:$M$205,4,FALSE()),99),3,IF(K8<=IFERROR(VLOOKUP(CONCATENATE(D8,YEAR(TODAY())-YEAR(C8),"lin5m"),_viitearvot!$I$2:$M$205,5,FALSE()),99),2,1))))) | P8: =IFERROR(MIN(M8,N8,O8),"") | Q8: =IF(OR(P8="",D8=""),"",IF(P8<=IFERROR(VLOOKUP(CONCATENATE(D8,YEAR(TODAY())-YEAR(C8),"lin10m"),_viitearvot!$I$2:$M$205,2,FALSE()),99),5,IF(P8<=IFERROR(VLOOKUP(CONCATENATE(D8,YEAR(TODAY())-YEAR(C8),"lin10m"),_viitearvot!$I$2:$M$205,3,FALSE()),99),4,IF(P8<=IFERROR(VLOOKUP(CONCATENATE(D8,YEAR(TODAY())-YEAR(C8),"lin10m"),_viitearvot!$I$2:$M$205,4,FALSE()),99),3,IF(P8<=IFERROR(VLOOKUP(CONCATENATE(D8,YEAR(TODAY())-YEAR(C8),"lin10m"),_viitearvot!$I$2:$M$205,5,FALSE()),99),2,1))))) | U8: =IFERROR(MIN(R8,S8,T8),"") | V8: =IF(OR(U8="",D8=""),"",IF(U8<=IFERROR(VLOOKUP(CONCATENATE(D8,YEAR(TODAY())-YEAR(C8),"lin20m"),_viitearvot!$I$2:$M$205,2,FALSE()),99),5,IF(U8<=IFERROR(VLOOKUP(CONCATENATE(D8,YEAR(TODAY())-YEAR(C8),"lin20m"),_viitearvot!$I$2:$M$205,3,FALSE()),99),4,IF(U8<=IFERROR(VLOOKUP(CONCATENATE(D8,YEAR(TODAY())-YEAR(C8),"lin20m"),_viitearvot!$I$2:$M$205,4,FALSE()),99),3,IF(U8<=IFERROR(VLOOKUP(CONCATENATE(D8,YEAR(TODAY())-YEAR(C8),"lin20m"),_viitearvot!$I$2:$M$205,5,FALSE()),99),2,1))))) | Z8: =IFERROR(MIN(W8,X8,Y8),"") | AA8: =IF(OR(Z8="",D8=""),"",IF(Z8<=IFERROR(VLOOKUP(CONCATENATE(D8,YEAR(TODAY())-YEAR(C8),"lin30m"),_viitearvot!$I$2:$M$205,2,FALSE()),99),5,IF(Z8<=IFERROR(VLOOKUP(CONCATENATE(D8,YEAR(TODAY())-YEAR(C8),"lin30m"),_viitearvot!$I$2:$M$205,3,FALSE()),99),4,IF(Z8<=IFERROR(VLOOKUP(CONCATENATE(D8,YEAR(TODAY())-YEAR(C8),"lin30m"),_viitearvot!$I$2:$M$205,4,FALSE()),99),3,IF(Z8<=IFERROR(VLOOKUP(CONCATENATE(D8,YEAR(TODAY())-YEAR(C8),"lin30m"),_viitearvot!$I$2:$M$205,5,FALSE()),99),2,1))))) | AE8: =IFERROR(MIN(AB8,AC8,AD8),"") | AF8: =IF(OR(AE8="",D8=""),"",IF(AE8<=IFERROR(VLOOKUP(CONCATENATE(D8,YEAR(TODAY())-YEAR(C8),"kasirata"),_viitearvot!$I$2:$M$205,2,FALSE()),99),5,IF(AE8<=IFERROR(VLOOKUP(CONCATENATE(D8,YEAR(TODAY())-YEAR(C8),"kasirata"),_viitearvot!$I$2:$M$205,3,FALSE()),99),4,IF(AE8<=IFERROR(VLOOKUP(CONCATENATE(D8,YEAR(TODAY())-YEAR(C8),"kasirata"),_viitearvot!$I$2:$M$205,4,FALSE()),99),3,IF(AE8<=IFERROR(VLOOKUP(CONCATENATE(D8,YEAR(TODAY())-YEAR(C8),"kasirata"),_viitearvot!$I$2:$M$205,5,FALSE()),99),2,1))))) | AJ8: =IFERROR(MIN(AG8,AH8,AI8),"") | AK8: =IF(OR(AJ8="",D8=""),"",IF(AJ8<=IFERROR(VLOOKUP(CONCATENATE(D8,YEAR(TODAY())-YEAR(C8),"smjuoksu"),_viitearvot!$I$2:$M$205,2,FALSE()),99),5,IF(AJ8<=IFERROR(VLOOKUP(CONCATENATE(D8,YEAR(TODAY())-YEAR(C8),"smjuoksu"),_viitearvot!$I$2:$M$205,3,FALSE()),99),4,IF(AJ8<=IFERROR(VLOOKUP(CONCATENATE(D8,YEAR(TODAY())-YEAR(C8),"smjuoksu"),_viitearvot!$I$2:$M$205,4,FALSE()),99),3,IF(AJ8<=IFERROR(VLOOKUP(CONCATENATE(D8,YEAR(TODAY())-YEAR(C8),"smjuoksu"),_viitearvot!$I$2:$M$205,5,FALSE()),99),2,1))))) | AN8: =IFERROR(MIN(AL8,AM8),"") | AO8: =IF(OR(AN8="",D8=""),"",IF(AN8<=IFERROR(VLOOKUP(CONCATENATE(D8,YEAR(TODAY())-YEAR(C8),"smpallo"),_viitearvot!$I$2:$M$205,2,FALSE()),99),5,IF(AN8<=IFERROR(VLOOKUP(CONCATENATE(D8,YEAR(TODAY())-YEAR(C8),"smpallo"),_viitearvot!$I$2:$M$205,3,FALSE()),99),4,IF(AN8<=IFERROR(VLOOKUP(CONCATENATE(D8,YEAR(TODAY())-YEAR(C8),"smpallo"),_viitearvot!$I$2:$M$205,4,FALSE()),99),3,IF(AN8<=IFERROR(VLOOKUP(CONCATENATE(D8,YEAR(TODAY())-YEAR(C8),"smpallo"),_viitearvot!$I$2:$M$205,5,FALSE()),99),2,1))))) | AS8: =IFERROR(MAX(AP8,AQ8,AR8),"") | AT8: =IF(OR(AS8="",D8=""),"",IF(AS8>=IFERROR(VLOOKUP(CONCATENATE(D8,YEAR(TODAY())-YEAR(C8),"cmj"),_viitearvot!$I$2:$M$205,2,FALSE()),0),5,IF(AS8>=IFERROR(VLOOKUP(CONCATENATE(D8,YEAR(TODAY())-YEAR(C8),"cmj"),_viitearvot!$I$2:$M$205,3,FALSE()),0),4,IF(AS8>=IFERROR(VLOOKUP(CONCATENATE(D8,YEAR(TODAY())-YEAR(C8),"cmj"),_viitearvot!$I$2:$M$205,4,FALSE()),0),3,IF(AS8>=IFERROR(VLOOKUP(CONCATENATE(D8,YEAR(TODAY())-YEAR(C8),"cmj"),_viitearvot!$I$2:$M$205,5,FALSE()),0),2,1))))) | AV8: =IFERROR(MAX(AU8),"") | AW8: =IF(OR(AV8="",D8=""),"",IF(AV8>=IFERROR(VLOOKUP(CONCATENATE(D8,YEAR(TODAY())-YEAR(C8),"bronco"),_viitearvot!$I$2:$M$205,2,FALSE()),0),5,IF(AV8>=IFERROR(VLOOKUP(CONCATENATE(D8,YEAR(TODAY())-YEAR(C8),"bronco"),_viitearvot!$I$2:$M$205,3,FALSE()),0),4,IF(AV8>=IFERROR(VLOOKUP(CONCATENATE(D8,YEAR(TODAY())-YEAR(C8),"bronco"),_viitearvot!$I$2:$M$205,4,FALSE()),0),3,IF(AV8>=IFERROR(VLOOKUP(CONCATENATE(D8,YEAR(TODAY())-YEAR(C8),"bronco"),_viitearvot!$I$2:$M$205,5,FALSE()),0),2,1))))) | AZ8: =IFERROR(MIN(AX8,AY8),"") | BA8: =IF(OR(AZ8="",D8=""),"",IF(AZ8<=IFERROR(VLOOKUP(CONCATENATE(D8,YEAR(TODAY())-YEAR(C8),"pujottelu"),_viitearvot!$I$2:$M$205,2,FALSE()),99),5,IF(AZ8<=IFERROR(VLOOKUP(CONCATENATE(D8,YEAR(TODAY())-YEAR(C8),"pujottelu"),_viitearvot!$I$2:$M$205,3,FALSE()),99),4,IF(AZ8<=IFERROR(VLOOKUP(CONCATENATE(D8,YEAR(TODAY())-YEAR(C8),"pujottelu"),_viitearvot!$I$2:$M$205,4,FALSE()),99),3,IF(AZ8<=IFERROR(VLOOKUP(CONCATENATE(D8,YEAR(TODAY())-YEAR(C8),"pujottelu"),_viitearvot!$I$2:$M$205,5,FALSE()),99),2,1))))) | BD8: =IFERROR(MIN(BB8,BC8),"") | BE8: =IF(OR(BD8="",D8=""),"",IF(BD8<=IFERROR(VLOOKUP(CONCATENATE(D8,YEAR(TODAY())-YEAR(C8),"syotto"),_viitearvot!$I$2:$M$205,2,FALSE()),99),5,IF(BD8<=IFERROR(VLOOKUP(CONCATENATE(D8,YEAR(TODAY())-YEAR(C8),"syotto"),_viitearvot!$I$2:$M$205,3,FALSE()),99),4,IF(BD8<=IFERROR(VLOOKUP(CONCATENATE(D8,YEAR(TODAY())-YEAR(C8),"syotto"),_viitearvot!$I$2:$M$205,4,FALSE()),99),3,IF(BD8<=IFERROR(VLOOKUP(CONCATENATE(D8,YEAR(TODAY())-YEAR(C8),"syotto"),_viitearvot!$I$2:$M$205,5,FALSE()),99),2,1))))) | BG8: =IF(OR(BF8="",K8=""),"",(IF(D8="P",IF(K8<=IFERROR(VLOOKUP(CONCATENATE("P",ROUND(BF8,0),"lin5m"),_viitearvot!$A:$H,4,FALSE()),99),5,IF(K8<=IFERROR(VLOOKUP(CONCATENATE("P",ROUND(BF8,0),"lin5m"),_viitearvot!$A:$H,5,FALSE()),99),4,IF(K8<=IFERROR(VLOOKUP(CONCATENATE("P",ROUND(BF8,0),"lin5m"),_viitearvot!$A:$H,6,FALSE()),99),3,IF(K8<=IFERROR(VLOOKUP(CONCATENATE("P",ROUND(BF8,0),"lin5m"),_viitearvot!$A:$H,7,FALSE()),99),2,1)))),IF(K8<=IFERROR(VLOOKUP(CONCATENATE("T",ROUND(BF8,0),"lin5m"),_viitearvot!$A:$H,4,FALSE()),99),5,IF(K8<=IFERROR(VLOOKUP(CONCATENATE("T",ROUND(BF8,0),"lin5m"),_viitearvot!$A:$H,5,FALSE()),99),4,IF(K8<=IFERROR(VLOOKUP(CONCATENATE("T",ROUND(BF8,0),"lin5m"),_viitearvot!$A:$H,6,FALSE()),99),3,IF(K8<=IFERROR(VLOOKUP(CONCATENATE("T",ROUND(BF8,0),"lin5m"),_viitearvot!$A:$H,7,FALSE()),99),2,1))))))-L8)
K9: =IFERROR(MIN(H9,I9,J9),"") | L9: =IF(OR(K9="",D9=""),"",IF(K9<=IFERROR(VLOOKUP(CONCATENATE(D9,YEAR(TODAY())-YEAR(C9),"lin5m"),_viitearvot!$I$2:$M$205,2,FALSE()),99),5,IF(K9<=IFERROR(VLOOKUP(CONCATENATE(D9,YEAR(TODAY())-YEAR(C9),"lin5m"),_viitearvot!$I$2:$M$205,3,FALSE()),99),4,IF(K9<=IFERROR(VLOOKUP(CONCATENATE(D9,YEAR(TODAY())-YEAR(C9),"lin5m"),_viitearvot!$I$2:$M$205,4,FALSE()),99),3,IF(K9<=IFERROR(VLOOKUP(CONCATENATE(D9,YEAR(TODAY())-YEAR(C9),"lin5m"),_viitearvot!$I$2:$M$205,5,FALSE()),99),2,1))))) | P9: =IFERROR(MIN(M9,N9,O9),"") | Q9: =IF(OR(P9="",D9=""),"",IF(P9<=IFERROR(VLOOKUP(CONCATENATE(D9,YEAR(TODAY())-YEAR(C9),"lin10m"),_viitearvot!$I$2:$M$205,2,FALSE()),99),5,IF(P9<=IFERROR(VLOOKUP(CONCATENATE(D9,YEAR(TODAY())-YEAR(C9),"lin10m"),_viitearvot!$I$2:$M$205,3,FALSE()),99),4,IF(P9<=IFERROR(VLOOKUP(CONCATENATE(D9,YEAR(TODAY())-YEAR(C9),"lin10m"),_viitearvot!$I$2:$M$205,4,FALSE()),99),3,IF(P9<=IFERROR(VLOOKUP(CONCATENATE(D9,YEAR(TODAY())-YEAR(C9),"lin10m"),_viitearvot!$I$2:$M$205,5,FALSE()),99),2,1))))) | U9: =IFERROR(MIN(R9,S9,T9),"") | V9: =IF(OR(U9="",D9=""),"",IF(U9<=IFERROR(VLOOKUP(CONCATENATE(D9,YEAR(TODAY())-YEAR(C9),"lin20m"),_viitearvot!$I$2:$M$205,2,FALSE()),99),5,IF(U9<=IFERROR(VLOOKUP(CONCATENATE(D9,YEAR(TODAY())-YEAR(C9),"lin20m"),_viitearvot!$I$2:$M$205,3,FALSE()),99),4,IF(U9<=IFERROR(VLOOKUP(CONCATENATE(D9,YEAR(TODAY())-YEAR(C9),"lin20m"),_viitearvot!$I$2:$M$205,4,FALSE()),99),3,IF(U9<=IFERROR(VLOOKUP(CONCATENATE(D9,YEAR(TODAY())-YEAR(C9),"lin20m"),_viitearvot!$I$2:$M$205,5,FALSE()),99),2,1))))) | Z9: =IFERROR(MIN(W9,X9,Y9),"") | AA9: =IF(OR(Z9="",D9=""),"",IF(Z9<=IFERROR(VLOOKUP(CONCATENATE(D9,YEAR(TODAY())-YEAR(C9),"lin30m"),_viitearvot!$I$2:$M$205,2,FALSE()),99),5,IF(Z9<=IFERROR(VLOOKUP(CONCATENATE(D9,YEAR(TODAY())-YEAR(C9),"lin30m"),_viitearvot!$I$2:$M$205,3,FALSE()),99),4,IF(Z9<=IFERROR(VLOOKUP(CONCATENATE(D9,YEAR(TODAY())-YEAR(C9),"lin30m"),_viitearvot!$I$2:$M$205,4,FALSE()),99),3,IF(Z9<=IFERROR(VLOOKUP(CONCATENATE(D9,YEAR(TODAY())-YEAR(C9),"lin30m"),_viitearvot!$I$2:$M$205,5,FALSE()),99),2,1))))) | AE9: =IFERROR(MIN(AB9,AC9,AD9),"") | AF9: =IF(OR(AE9="",D9=""),"",IF(AE9<=IFERROR(VLOOKUP(CONCATENATE(D9,YEAR(TODAY())-YEAR(C9),"kasirata"),_viitearvot!$I$2:$M$205,2,FALSE()),99),5,IF(AE9<=IFERROR(VLOOKUP(CONCATENATE(D9,YEAR(TODAY())-YEAR(C9),"kasirata"),_viitearvot!$I$2:$M$205,3,FALSE()),99),4,IF(AE9<=IFERROR(VLOOKUP(CONCATENATE(D9,YEAR(TODAY())-YEAR(C9),"kasirata"),_viitearvot!$I$2:$M$205,4,FALSE()),99),3,IF(AE9<=IFERROR(VLOOKUP(CONCATENATE(D9,YEAR(TODAY())-YEAR(C9),"kasirata"),_viitearvot!$I$2:$M$205,5,FALSE()),99),2,1))))) | AJ9: =IFERROR(MIN(AG9,AH9,AI9),"") | AK9: =IF(OR(AJ9="",D9=""),"",IF(AJ9<=IFERROR(VLOOKUP(CONCATENATE(D9,YEAR(TODAY())-YEAR(C9),"smjuoksu"),_viitearvot!$I$2:$M$205,2,FALSE()),99),5,IF(AJ9<=IFERROR(VLOOKUP(CONCATENATE(D9,YEAR(TODAY())-YEAR(C9),"smjuoksu"),_viitearvot!$I$2:$M$205,3,FALSE()),99),4,IF(AJ9<=IFERROR(VLOOKUP(CONCATENATE(D9,YEAR(TODAY())-YEAR(C9),"smjuoksu"),_viitearvot!$I$2:$M$205,4,FALSE()),99),3,IF(AJ9<=IFERROR(VLOOKUP(CONCATENATE(D9,YEAR(TODAY())-YEAR(C9),"smjuoksu"),_viitearvot!$I$2:$M$205,5,FALSE()),99),2,1))))) | AN9: =IFERROR(MIN(AL9,AM9),"") | AO9: =IF(OR(AN9="",D9=""),"",IF(AN9<=IFERROR(VLOOKUP(CONCATENATE(D9,YEAR(TODAY())-YEAR(C9),"smpallo"),_viitearvot!$I$2:$M$205,2,FALSE()),99),5,IF(AN9<=IFERROR(VLOOKUP(CONCATENATE(D9,YEAR(TODAY())-YEAR(C9),"smpallo"),_viitearvot!$I$2:$M$205,3,FALSE()),99),4,IF(AN9<=IFERROR(VLOOKUP(CONCATENATE(D9,YEAR(TODAY())-YEAR(C9),"smpallo"),_viitearvot!$I$2:$M$205,4,FALSE()),99),3,IF(AN9<=IFERROR(VLOOKUP(CONCATENATE(D9,YEAR(TODAY())-YEAR(C9),"smpallo"),_viitearvot!$I$2:$M$205,5,FALSE()),99),2,1))))) | AS9: =IFERROR(MAX(AP9,AQ9,AR9),"") | AT9: =IF(OR(AS9="",D9=""),"",IF(AS9>=IFERROR(VLOOKUP(CONCATENATE(D9,YEAR(TODAY())-YEAR(C9),"cmj"),_viitearvot!$I$2:$M$205,2,FALSE()),0),5,IF(AS9>=IFERROR(VLOOKUP(CONCATENATE(D9,YEAR(TODAY())-YEAR(C9),"cmj"),_viitearvot!$I$2:$M$205,3,FALSE()),0),4,IF(AS9>=IFERROR(VLOOKUP(CONCATENATE(D9,YEAR(TODAY())-YEAR(C9),"cmj"),_viitearvot!$I$2:$M$205,4,FALSE()),0),3,IF(AS9>=IFERROR(VLOOKUP(CONCATENATE(D9,YEAR(TODAY())-YEAR(C9),"cmj"),_viitearvot!$I$2:$M$205,5,FALSE()),0),2,1))))) | AV9: =IFERROR(MAX(AU9),"") | AW9: =IF(OR(AV9="",D9=""),"",IF(AV9>=IFERROR(VLOOKUP(CONCATENATE(D9,YEAR(TODAY())-YEAR(C9),"bronco"),_viitearvot!$I$2:$M$205,2,FALSE()),0),5,IF(AV9>=IFERROR(VLOOKUP(CONCATENATE(D9,YEAR(TODAY())-YEAR(C9),"bronco"),_viitearvot!$I$2:$M$205,3,FALSE()),0),4,IF(AV9>=IFERROR(VLOOKUP(CONCATENATE(D9,YEAR(TODAY())-YEAR(C9),"bronco"),_viitearvot!$I$2:$M$205,4,FALSE()),0),3,IF(AV9>=IFERROR(VLOOKUP(CONCATENATE(D9,YEAR(TODAY())-YEAR(C9),"bronco"),_viitearvot!$I$2:$M$205,5,FALSE()),0),2,1))))) | AZ9: =IFERROR(MIN(AX9,AY9),"") | BA9: =IF(OR(AZ9="",D9=""),"",IF(AZ9<=IFERROR(VLOOKUP(CONCATENATE(D9,YEAR(TODAY())-YEAR(C9),"pujottelu"),_viitearvot!$I$2:$M$205,2,FALSE()),99),5,IF(AZ9<=IFERROR(VLOOKUP(CONCATENATE(D9,YEAR(TODAY())-YEAR(C9),"pujottelu"),_viitearvot!$I$2:$M$205,3,FALSE()),99),4,IF(AZ9<=IFERROR(VLOOKUP(CONCATENATE(D9,YEAR(TODAY())-YEAR(C9),"pujottelu"),_viitearvot!$I$2:$M$205,4,FALSE()),99),3,IF(AZ9<=IFERROR(VLOOKUP(CONCATENATE(D9,YEAR(TODAY())-YEAR(C9),"pujottelu"),_viitearvot!$I$2:$M$205,5,FALSE()),99),2,1))))) | BD9: =IFERROR(MIN(BB9,BC9),"") | BE9: =IF(OR(BD9="",D9=""),"",IF(BD9<=IFERROR(VLOOKUP(CONCATENATE(D9,YEAR(TODAY())-YEAR(C9),"syotto"),_viitearvot!$I$2:$M$205,2,FALSE()),99),5,IF(BD9<=IFERROR(VLOOKUP(CONCATENATE(D9,YEAR(TODAY())-YEAR(C9),"syotto"),_viitearvot!$I$2:$M$205,3,FALSE()),99),4,IF(BD9<=IFERROR(VLOOKUP(CONCATENATE(D9,YEAR(TODAY())-YEAR(C9),"syotto"),_viitearvot!$I$2:$M$205,4,FALSE()),99),3,IF(BD9<=IFERROR(VLOOKUP(CONCATENATE(D9,YEAR(TODAY())-YEAR(C9),"syotto"),_viitearvot!$I$2:$M$205,5,FALSE()),99),2,1))))) | BG9: =IF(OR(BF9="",K9=""),"",(IF(D9="P",IF(K9<=IFERROR(VLOOKUP(CONCATENATE("P",ROUND(BF9,0),"lin5m"),_viitearvot!$A:$H,4,FALSE()),99),5,IF(K9<=IFERROR(VLOOKUP(CONCATENATE("P",ROUND(BF9,0),"lin5m"),_viitearvot!$A:$H,5,FALSE()),99),4,IF(K9<=IFERROR(VLOOKUP(CONCATENATE("P",ROUND(BF9,0),"lin5m"),_viitearvot!$A:$H,6,FALSE()),99),3,IF(K9<=IFERROR(VLOOKUP(CONCATENATE("P",ROUND(BF9,0),"lin5m"),_viitearvot!$A:$H,7,FALSE()),99),2,1)))),IF(K9<=IFERROR(VLOOKUP(CONCATENATE("T",ROUND(BF9,0),"lin5m"),_viitearvot!$A:$H,4,FALSE()),99),5,IF(K9<=IFERROR(VLOOKUP(CONCATENATE("T",ROUND(BF9,0),"lin5m"),_viitearvot!$A:$H,5,FALSE()),99),4,IF(K9<=IFERROR(VLOOKUP(CONCATENATE("T",ROUND(BF9,0),"lin5m"),_viitearvot!$A:$H,6,FALSE()),99),3,IF(K9<=IFERROR(VLOOKUP(CONCATENATE("T",ROUND(BF9,0),"lin5m"),_viitearvot!$A:$H,7,FALSE()),99),2,1))))))-L9)
K10: =IFERROR(MIN(H10,I10,J10),"") | L10: =IF(OR(K10="",D10=""),"",IF(K10<=IFERROR(VLOOKUP(CONCATENATE(D10,YEAR(TODAY())-YEAR(C10),"lin5m"),_viitearvot!$I$2:$M$205,2,FALSE()),99),5,IF(K10<=IFERROR(VLOOKUP(CONCATENATE(D10,YEAR(TODAY())-YEAR(C10),"lin5m"),_viitearvot!$I$2:$M$205,3,FALSE()),99),4,IF(K10<=IFERROR(VLOOKUP(CONCATENATE(D10,YEAR(TODAY())-YEAR(C10),"lin5m"),_viitearvot!$I$2:$M$205,4,FALSE()),99),3,IF(K10<=IFERROR(VLOOKUP(CONCATENATE(D10,YEAR(TODAY())-YEAR(C10),"lin5m"),_viitearvot!$I$2:$M$205,5,FALSE()),99),2,1))))) | P10: =IFERROR(MIN(M10,N10,O10),"") | Q10: =IF(OR(P10="",D10=""),"",IF(P10<=IFERROR(VLOOKUP(CONCATENATE(D10,YEAR(TODAY())-YEAR(C10),"lin10m"),_viitearvot!$I$2:$M$205,2,FALSE()),99),5,IF(P10<=IFERROR(VLOOKUP(CONCATENATE(D10,YEAR(TODAY())-YEAR(C10),"lin10m"),_viitearvot!$I$2:$M$205,3,FALSE()),99),4,IF(P10<=IFERROR(VLOOKUP(CONCATENATE(D10,YEAR(TODAY())-YEAR(C10),"lin10m"),_viitearvot!$I$2:$M$205,4,FALSE()),99),3,IF(P10<=IFERROR(VLOOKUP(CONCATENATE(D10,YEAR(TODAY())-YEAR(C10),"lin10m"),_viitearvot!$I$2:$M$205,5,FALSE()),99),2,1))))) | U10: =IFERROR(MIN(R10,S10,T10),"") | V10: =IF(OR(U10="",D10=""),"",IF(U10<=IFERROR(VLOOKUP(CONCATENATE(D10,YEAR(TODAY())-YEAR(C10),"lin20m"),_viitearvot!$I$2:$M$205,2,FALSE()),99),5,IF(U10<=IFERROR(VLOOKUP(CONCATENATE(D10,YEAR(TODAY())-YEAR(C10),"lin20m"),_viitearvot!$I$2:$M$205,3,FALSE()),99),4,IF(U10<=IFERROR(VLOOKUP(CONCATENATE(D10,YEAR(TODAY())-YEAR(C10),"lin20m"),_viitearvot!$I$2:$M$205,4,FALSE()),99),3,IF(U10<=IFERROR(VLOOKUP(CONCATENATE(D10,YEAR(TODAY())-YEAR(C10),"lin20m"),_viitearvot!$I$2:$M$205,5,FALSE()),99),2,1))))) | Z10: =IFERROR(MIN(W10,X10,Y10),"") | AA10: =IF(OR(Z10="",D10=""),"",IF(Z10<=IFERROR(VLOOKUP(CONCATENATE(D10,YEAR(TODAY())-YEAR(C10),"lin30m"),_viitearvot!$I$2:$M$205,2,FALSE()),99),5,IF(Z10<=IFERROR(VLOOKUP(CONCATENATE(D10,YEAR(TODAY())-YEAR(C10),"lin30m"),_viitearvot!$I$2:$M$205,3,FALSE()),99),4,IF(Z10<=IFERROR(VLOOKUP(CONCATENATE(D10,YEAR(TODAY())-YEAR(C10),"lin30m"),_viitearvot!$I$2:$M$205,4,FALSE()),99),3,IF(Z10<=IFERROR(VLOOKUP(CONCATENATE(D10,YEAR(TODAY())-YEAR(C10),"lin30m"),_viitearvot!$I$2:$M$205,5,FALSE()),99),2,1))))) | AE10: =IFERROR(MIN(AB10,AC10,AD10),"") | AF10: =IF(OR(AE10="",D10=""),"",IF(AE10<=IFERROR(VLOOKUP(CONCATENATE(D10,YEAR(TODAY())-YEAR(C10),"kasirata"),_viitearvot!$I$2:$M$205,2,FALSE()),99),5,IF(AE10<=IFERROR(VLOOKUP(CONCATENATE(D10,YEAR(TODAY())-YEAR(C10),"kasirata"),_viitearvot!$I$2:$M$205,3,FALSE()),99),4,IF(AE10<=IFERROR(VLOOKUP(CONCATENATE(D10,YEAR(TODAY())-YEAR(C10),"kasirata"),_viitearvot!$I$2:$M$205,4,FALSE()),99),3,IF(AE10<=IFERROR(VLOOKUP(CONCATENATE(D10,YEAR(TODAY())-YEAR(C10),"kasirata"),_viitearvot!$I$2:$M$205,5,FALSE()),99),2,1))))) | AJ10: =IFERROR(MIN(AG10,AH10,AI10),"") | AK10: =IF(OR(AJ10="",D10=""),"",IF(AJ10<=IFERROR(VLOOKUP(CONCATENATE(D10,YEAR(TODAY())-YEAR(C10),"smjuoksu"),_viitearvot!$I$2:$M$205,2,FALSE()),99),5,IF(AJ10<=IFERROR(VLOOKUP(CONCATENATE(D10,YEAR(TODAY())-YEAR(C10),"smjuoksu"),_viitearvot!$I$2:$M$205,3,FALSE()),99),4,IF(AJ10<=IFERROR(VLOOKUP(CONCATENATE(D10,YEAR(TODAY())-YEAR(C10),"smjuoksu"),_viitearvot!$I$2:$M$205,4,FALSE()),99),3,IF(AJ10<=IFERROR(VLOOKUP(CONCATENATE(D10,YEAR(TODAY())-YEAR(C10),"smjuoksu"),_viitearvot!$I$2:$M$205,5,FALSE()),99),2,1))))) | AN10: =IFERROR(MIN(AL10,AM10),"") | AO10: =IF(OR(AN10="",D10=""),"",IF(AN10<=IFERROR(VLOOKUP(CONCATENATE(D10,YEAR(TODAY())-YEAR(C10),"smpallo"),_viitearvot!$I$2:$M$205,2,FALSE()),99),5,IF(AN10<=IFERROR(VLOOKUP(CONCATENATE(D10,YEAR(TODAY())-YEAR(C10),"smpallo"),_viitearvot!$I$2:$M$205,3,FALSE()),99),4,IF(AN10<=IFERROR(VLOOKUP(CONCATENATE(D10,YEAR(TODAY())-YEAR(C10),"smpallo"),_viitearvot!$I$2:$M$205,4,FALSE()),99),3,IF(AN10<=IFERROR(VLOOKUP(CONCATENATE(D10,YEAR(TODAY())-YEAR(C10),"smpallo"),_viitearvot!$I$2:$M$205,5,FALSE()),99),2,1))))) | AS10: =IFERROR(MAX(AP10,AQ10,AR10),"") | AT10: =IF(OR(AS10="",D10=""),"",IF(AS10>=IFERROR(VLOOKUP(CONCATENATE(D10,YEAR(TODAY())-YEAR(C10),"cmj"),_viitearvot!$I$2:$M$205,2,FALSE()),0),5,IF(AS10>=IFERROR(VLOOKUP(CONCATENATE(D10,YEAR(TODAY())-YEAR(C10),"cmj"),_viitearvot!$I$2:$M$205,3,FALSE()),0),4,IF(AS10>=IFERROR(VLOOKUP(CONCATENATE(D10,YEAR(TODAY())-YEAR(C10),"cmj"),_viitearvot!$I$2:$M$205,4,FALSE()),0),3,IF(AS10>=IFERROR(VLOOKUP(CONCATENATE(D10,YEAR(TODAY())-YEAR(C10),"cmj"),_viitearvot!$I$2:$M$205,5,FALSE()),0),2,1))))) | AV10: =IFERROR(MAX(AU10),"") | AW10: =IF(OR(AV10="",D10=""),"",IF(AV10>=IFERROR(VLOOKUP(CONCATENATE(D10,YEAR(TODAY())-YEAR(C10),"bronco"),_viitearvot!$I$2:$M$205,2,FALSE()),0),5,IF(AV10>=IFERROR(VLOOKUP(CONCATENATE(D10,YEAR(TODAY())-YEAR(C10),"bronco"),_viitearvot!$I$2:$M$205,3,FALSE()),0),4,IF(AV10>=IFERROR(VLOOKUP(CONCATENATE(D10,YEAR(TODAY())-YEAR(C10),"bronco"),_viitearvot!$I$2:$M$205,4,FALSE()),0),3,IF(AV10>=IFERROR(VLOOKUP(CONCATENATE(D10,YEAR(TODAY())-YEAR(C10),"bronco"),_viitearvot!$I$2:$M$205,5,FALSE()),0),2,1))))) | AZ10: =IFERROR(MIN(AX10,AY10),"") | BA10: =IF(OR(AZ10="",D10=""),"",IF(AZ10<=IFERROR(VLOOKUP(CONCATENATE(D10,YEAR(TODAY())-YEAR(C10),"pujottelu"),_viitearvot!$I$2:$M$205,2,FALSE()),99),5,IF(AZ10<=IFERROR(VLOOKUP(CONCATENATE(D10,YEAR(TODAY())-YEAR(C10),"pujottelu"),_viitearvot!$I$2:$M$205,3,FALSE()),99),4,IF(AZ10<=IFERROR(VLOOKUP(CONCATENATE(D10,YEAR(TODAY())-YEAR(C10),"pujottelu"),_viitearvot!$I$2:$M$205,4,FALSE()),99),3,IF(AZ10<=IFERROR(VLOOKUP(CONCATENATE(D10,YEAR(TODAY())-YEAR(C10),"pujottelu"),_viitearvot!$I$2:$M$205,5,FALSE()),99),2,1))))) | BD10: =IFERROR(MIN(BB10,BC10),"") | BE10: =IF(OR(BD10="",D10=""),"",IF(BD10<=IFERROR(VLOOKUP(CONCATENATE(D10,YEAR(TODAY())-YEAR(C10),"syotto"),_viitearvot!$I$2:$M$205,2,FALSE()),99),5,IF(BD10<=IFERROR(VLOOKUP(CONCATENATE(D10,YEAR(TODAY())-YEAR(C10),"syotto"),_viitearvot!$I$2:$M$205,3,FALSE()),99),4,IF(BD10<=IFERROR(VLOOKUP(CONCATENATE(D10,YEAR(TODAY())-YEAR(C10),"syotto"),_viitearvot!$I$2:$M$205,4,FALSE()),99),3,IF(BD10<=IFERROR(VLOOKUP(CONCATENATE(D10,YEAR(TODAY())-YEAR(C10),"syotto"),_viitearvot!$I$2:$M$205,5,FALSE()),99),2,1))))) | BG10: =IF(OR(BF10="",K10=""),"",(IF(D10="P",IF(K10<=IFERROR(VLOOKUP(CONCATENATE("P",ROUND(BF10,0),"lin5m"),_viitearvot!$A:$H,4,FALSE()),99),5,IF(K10<=IFERROR(VLOOKUP(CONCATENATE("P",ROUND(BF10,0),"lin5m"),_viitearvot!$A:$H,5,FALSE()),99),4,IF(K10<=IFERROR(VLOOKUP(CONCATENATE("P",ROUND(BF10,0),"lin5m"),_viitearvot!$A:$H,6,FALSE()),99),3,IF(K10<=IFERROR(VLOOKUP(CONCATENATE("P",ROUND(BF10,0),"lin5m"),_viitearvot!$A:$H,7,FALSE()),99),2,1)))),IF(K10<=IFERROR(VLOOKUP(CONCATENATE("T",ROUND(BF10,0),"lin5m"),_viitearvot!$A:$H,4,FALSE()),99),5,IF(K10<=IFERROR(VLOOKUP(CONCATENATE("T",ROUND(BF10,0),"lin5m"),_viitearvot!$A:$H,5,FALSE()),99),4,IF(K10<=IFERROR(VLOOKUP(CONCATENATE("T",ROUND(BF10,0),"lin5m"),_viitearvot!$A:$H,6,FALSE()),99),3,IF(K10<=IFERROR(VLOOKUP(CONCATENATE("T",ROUND(BF10,0),"lin5m"),_viitearvot!$A:$H,7,FALSE()),99),2,1))))))-L10)
K11: =IFERROR(MIN(H11,I11,J11),"") | L11: =IF(OR(K11="",D11=""),"",IF(K11<=IFERROR(VLOOKUP(CONCATENATE(D11,YEAR(TODAY())-YEAR(C11),"lin5m"),_viitearvot!$I$2:$M$205,2,FALSE()),99),5,IF(K11<=IFERROR(VLOOKUP(CONCATENATE(D11,YEAR(TODAY())-YEAR(C11),"lin5m"),_viitearvot!$I$2:$M$205,3,FALSE()),99),4,IF(K11<=IFERROR(VLOOKUP(CONCATENATE(D11,YEAR(TODAY())-YEAR(C11),"lin5m"),_viitearvot!$I$2:$M$205,4,FALSE()),99),3,IF(K11<=IFERROR(VLOOKUP(CONCATENATE(D11,YEAR(TODAY())-YEAR(C11),"lin5m"),_viitearvot!$I$2:$M$205,5,FALSE()),99),2,1))))) | P11: =IFERROR(MIN(M11,N11,O11),"") | Q11: =IF(OR(P11="",D11=""),"",IF(P11<=IFERROR(VLOOKUP(CONCATENATE(D11,YEAR(TODAY())-YEAR(C11),"lin10m"),_viitearvot!$I$2:$M$205,2,FALSE()),99),5,IF(P11<=IFERROR(VLOOKUP(CONCATENATE(D11,YEAR(TODAY())-YEAR(C11),"lin10m"),_viitearvot!$I$2:$M$205,3,FALSE()),99),4,IF(P11<=IFERROR(VLOOKUP(CONCATENATE(D11,YEAR(TODAY())-YEAR(C11),"lin10m"),_viitearvot!$I$2:$M$205,4,FALSE()),99),3,IF(P11<=IFERROR(VLOOKUP(CONCATENATE(D11,YEAR(TODAY())-YEAR(C11),"lin10m"),_viitearvot!$I$2:$M$205,5,FALSE()),99),2,1))))) | U11: =IFERROR(MIN(R11,S11,T11),"") | V11: =IF(OR(U11="",D11=""),"",IF(U11<=IFERROR(VLOOKUP(CONCATENATE(D11,YEAR(TODAY())-YEAR(C11),"lin20m"),_viitearvot!$I$2:$M$205,2,FALSE()),99),5,IF(U11<=IFERROR(VLOOKUP(CONCATENATE(D11,YEAR(TODAY())-YEAR(C11),"lin20m"),_viitearvot!$I$2:$M$205,3,FALSE()),99),4,IF(U11<=IFERROR(VLOOKUP(CONCATENATE(D11,YEAR(TODAY())-YEAR(C11),"lin20m"),_viitearvot!$I$2:$M$205,4,FALSE()),99),3,IF(U11<=IFERROR(VLOOKUP(CONCATENATE(D11,YEAR(TODAY())-YEAR(C11),"lin20m"),_viitearvot!$I$2:$M$205,5,FALSE()),99),2,1))))) | Z11: =IFERROR(MIN(W11,X11,Y11),"") | AA11: =IF(OR(Z11="",D11=""),"",IF(Z11<=IFERROR(VLOOKUP(CONCATENATE(D11,YEAR(TODAY())-YEAR(C11),"lin30m"),_viitearvot!$I$2:$M$205,2,FALSE()),99),5,IF(Z11<=IFERROR(VLOOKUP(CONCATENATE(D11,YEAR(TODAY())-YEAR(C11),"lin30m"),_viitearvot!$I$2:$M$205,3,FALSE()),99),4,IF(Z11<=IFERROR(VLOOKUP(CONCATENATE(D11,YEAR(TODAY())-YEAR(C11),"lin30m"),_viitearvot!$I$2:$M$205,4,FALSE()),99),3,IF(Z11<=IFERROR(VLOOKUP(CONCATENATE(D11,YEAR(TODAY())-YEAR(C11),"lin30m"),_viitearvot!$I$2:$M$205,5,FALSE()),99),2,1))))) | AE11: =IFERROR(MIN(AB11,AC11,AD11),"") | AF11: =IF(OR(AE11="",D11=""),"",IF(AE11<=IFERROR(VLOOKUP(CONCATENATE(D11,YEAR(TODAY())-YEAR(C11),"kasirata"),_viitearvot!$I$2:$M$205,2,FALSE()),99),5,IF(AE11<=IFERROR(VLOOKUP(CONCATENATE(D11,YEAR(TODAY())-YEAR(C11),"kasirata"),_viitearvot!$I$2:$M$205,3,FALSE()),99),4,IF(AE11<=IFERROR(VLOOKUP(CONCATENATE(D11,YEAR(TODAY())-YEAR(C11),"kasirata"),_viitearvot!$I$2:$M$205,4,FALSE()),99),3,IF(AE11<=IFERROR(VLOOKUP(CONCATENATE(D11,YEAR(TODAY())-YEAR(C11),"kasirata"),_viitearvot!$I$2:$M$205,5,FALSE()),99),2,1))))) | AJ11: =IFERROR(MIN(AG11,AH11,AI11),"") | AK11: =IF(OR(AJ11="",D11=""),"",IF(AJ11<=IFERROR(VLOOKUP(CONCATENATE(D11,YEAR(TODAY())-YEAR(C11),"smjuoksu"),_viitearvot!$I$2:$M$205,2,FALSE()),99),5,IF(AJ11<=IFERROR(VLOOKUP(CONCATENATE(D11,YEAR(TODAY())-YEAR(C11),"smjuoksu"),_viitearvot!$I$2:$M$205,3,FALSE()),99),4,IF(AJ11<=IFERROR(VLOOKUP(CONCATENATE(D11,YEAR(TODAY())-YEAR(C11),"smjuoksu"),_viitearvot!$I$2:$M$205,4,FALSE()),99),3,IF(AJ11<=IFERROR(VLOOKUP(CONCATENATE(D11,YEAR(TODAY())-YEAR(C11),"smjuoksu"),_viitearvot!$I$2:$M$205,5,FALSE()),99),2,1))))) | AN11: =IFERROR(MIN(AL11,AM11),"") | AO11: =IF(OR(AN11="",D11=""),"",IF(AN11<=IFERROR(VLOOKUP(CONCATENATE(D11,YEAR(TODAY())-YEAR(C11),"smpallo"),_viitearvot!$I$2:$M$205,2,FALSE()),99),5,IF(AN11<=IFERROR(VLOOKUP(CONCATENATE(D11,YEAR(TODAY())-YEAR(C11),"smpallo"),_viitearvot!$I$2:$M$205,3,FALSE()),99),4,IF(AN11<=IFERROR(VLOOKUP(CONCATENATE(D11,YEAR(TODAY())-YEAR(C11),"smpallo"),_viitearvot!$I$2:$M$205,4,FALSE()),99),3,IF(AN11<=IFERROR(VLOOKUP(CONCATENATE(D11,YEAR(TODAY())-YEAR(C11),"smpallo"),_viitearvot!$I$2:$M$205,5,FALSE()),99),2,1))))) | AS11: =IFERROR(MAX(AP11,AQ11,AR11),"") | AT11: =IF(OR(AS11="",D11=""),"",IF(AS11>=IFERROR(VLOOKUP(CONCATENATE(D11,YEAR(TODAY())-YEAR(C11),"cmj"),_viitearvot!$I$2:$M$205,2,FALSE()),0),5,IF(AS11>=IFERROR(VLOOKUP(CONCATENATE(D11,YEAR(TODAY())-YEAR(C11),"cmj"),_viitearvot!$I$2:$M$205,3,FALSE()),0),4,IF(AS11>=IFERROR(VLOOKUP(CONCATENATE(D11,YEAR(TODAY())-YEAR(C11),"cmj"),_viitearvot!$I$2:$M$205,4,FALSE()),0),3,IF(AS11>=IFERROR(VLOOKUP(CONCATENATE(D11,YEAR(TODAY())-YEAR(C11),"cmj"),_viitearvot!$I$2:$M$205,5,FALSE()),0),2,1))))) | AV11: =IFERROR(MAX(AU11),"") | AW11: =IF(OR(AV11="",D11=""),"",IF(AV11>=IFERROR(VLOOKUP(CONCATENATE(D11,YEAR(TODAY())-YEAR(C11),"bronco"),_viitearvot!$I$2:$M$205,2,FALSE()),0),5,IF(AV11>=IFERROR(VLOOKUP(CONCATENATE(D11,YEAR(TODAY())-YEAR(C11),"bronco"),_viitearvot!$I$2:$M$205,3,FALSE()),0),4,IF(AV11>=IFERROR(VLOOKUP(CONCATENATE(D11,YEAR(TODAY())-YEAR(C11),"bronco"),_viitearvot!$I$2:$M$205,4,FALSE()),0),3,IF(AV11>=IFERROR(VLOOKUP(CONCATENATE(D11,YEAR(TODAY())-YEAR(C11),"bronco"),_viitearvot!$I$2:$M$205,5,FALSE()),0),2,1))))) | AZ11: =IFERROR(MIN(AX11,AY11),"") | BA11: =IF(OR(AZ11="",D11=""),"",IF(AZ11<=IFERROR(VLOOKUP(CONCATENATE(D11,YEAR(TODAY())-YEAR(C11),"pujottelu"),_viitearvot!$I$2:$M$205,2,FALSE()),99),5,IF(AZ11<=IFERROR(VLOOKUP(CONCATENATE(D11,YEAR(TODAY())-YEAR(C11),"pujottelu"),_viitearvot!$I$2:$M$205,3,FALSE()),99),4,IF(AZ11<=IFERROR(VLOOKUP(CONCATENATE(D11,YEAR(TODAY())-YEAR(C11),"pujottelu"),_viitearvot!$I$2:$M$205,4,FALSE()),99),3,IF(AZ11<=IFERROR(VLOOKUP(CONCATENATE(D11,YEAR(TODAY())-YEAR(C11),"pujottelu"),_viitearvot!$I$2:$M$205,5,FALSE()),99),2,1))))) | BD11: =IFERROR(MIN(BB11,BC11),"") | BE11: =IF(OR(BD11="",D11=""),"",IF(BD11<=IFERROR(VLOOKUP(CONCATENATE(D11,YEAR(TODAY())-YEAR(C11),"syotto"),_viitearvot!$I$2:$M$205,2,FALSE()),99),5,IF(BD11<=IFERROR(VLOOKUP(CONCATENATE(D11,YEAR(TODAY())-YEAR(C11),"syotto"),_viitearvot!$I$2:$M$205,3,FALSE()),99),4,IF(BD11<=IFERROR(VLOOKUP(CONCATENATE(D11,YEAR(TODAY())-YEAR(C11),"syotto"),_viitearvot!$I$2:$M$205,4,FALSE()),99),3,IF(BD11<=IFERROR(VLOOKUP(CONCATENATE(D11,YEAR(TODAY())-YEAR(C11),"syotto"),_viitearvot!$I$2:$M$205,5,FALSE()),99),2,1))))) | BG11: =IF(OR(BF11="",K11=""),"",(IF(D11="P",IF(K11<=IFERROR(VLOOKUP(CONCATENATE("P",ROUND(BF11,0),"lin5m"),_viitearvot!$A:$H,4,FALSE()),99),5,IF(K11<=IFERROR(VLOOKUP(CONCATENATE("P",ROUND(BF11,0),"lin5m"),_viitearvot!$A:$H,5,FALSE()),99),4,IF(K11<=IFERROR(VLOOKUP(CONCATENATE("P",ROUND(BF11,0),"lin5m"),_viitearvot!$A:$H,6,FALSE()),99),3,IF(K11<=IFERROR(VLOOKUP(CONCATENATE("P",ROUND(BF11,0),"lin5m"),_viitearvot!$A:$H,7,FALSE()),99),2,1)))),IF(K11<=IFERROR(VLOOKUP(CONCATENATE("T",ROUND(BF11,0),"lin5m"),_viitearvot!$A:$H,4,FALSE()),99),5,IF(K11<=IFERROR(VLOOKUP(CONCATENATE("T",ROUND(BF11,0),"lin5m"),_viitearvot!$A:$H,5,FALSE()),99),4,IF(K11<=IFERROR(VLOOKUP(CONCATENATE("T",ROUND(BF11,0),"lin5m"),_viitearvot!$A:$H,6,FALSE()),99),3,IF(K11<=IFERROR(VLOOKUP(CONCATENATE("T",ROUND(BF11,0),"lin5m"),_viitearvot!$A:$H,7,FALSE()),99),2,1))))))-L11)
K12: =IFERROR(MIN(H12,I12,J12),"") | L12: =IF(OR(K12="",D12=""),"",IF(K12<=IFERROR(VLOOKUP(CONCATENATE(D12,YEAR(TODAY())-YEAR(C12),"lin5m"),_viitearvot!$I$2:$M$205,2,FALSE()),99),5,IF(K12<=IFERROR(VLOOKUP(CONCATENATE(D12,YEAR(TODAY())-YEAR(C12),"lin5m"),_viitearvot!$I$2:$M$205,3,FALSE()),99),4,IF(K12<=IFERROR(VLOOKUP(CONCATENATE(D12,YEAR(TODAY())-YEAR(C12),"lin5m"),_viitearvot!$I$2:$M$205,4,FALSE()),99),3,IF(K12<=IFERROR(VLOOKUP(CONCATENATE(D12,YEAR(TODAY())-YEAR(C12),"lin5m"),_viitearvot!$I$2:$M$205,5,FALSE()),99),2,1))))) | P12: =IFERROR(MIN(M12,N12,O12),"") | Q12: =IF(OR(P12="",D12=""),"",IF(P12<=IFERROR(VLOOKUP(CONCATENATE(D12,YEAR(TODAY())-YEAR(C12),"lin10m"),_viitearvot!$I$2:$M$205,2,FALSE()),99),5,IF(P12<=IFERROR(VLOOKUP(CONCATENATE(D12,YEAR(TODAY())-YEAR(C12),"lin10m"),_viitearvot!$I$2:$M$205,3,FALSE()),99),4,IF(P12<=IFERROR(VLOOKUP(CONCATENATE(D12,YEAR(TODAY())-YEAR(C12),"lin10m"),_viitearvot!$I$2:$M$205,4,FALSE()),99),3,IF(P12<=IFERROR(VLOOKUP(CONCATENATE(D12,YEAR(TODAY())-YEAR(C12),"lin10m"),_viitearvot!$I$2:$M$205,5,FALSE()),99),2,1))))) | U12: =IFERROR(MIN(R12,S12,T12),"") | V12: =IF(OR(U12="",D12=""),"",IF(U12<=IFERROR(VLOOKUP(CONCATENATE(D12,YEAR(TODAY())-YEAR(C12),"lin20m"),_viitearvot!$I$2:$M$205,2,FALSE()),99),5,IF(U12<=IFERROR(VLOOKUP(CONCATENATE(D12,YEAR(TODAY())-YEAR(C12),"lin20m"),_viitearvot!$I$2:$M$205,3,FALSE()),99),4,IF(U12<=IFERROR(VLOOKUP(CONCATENATE(D12,YEAR(TODAY())-YEAR(C12),"lin20m"),_viitearvot!$I$2:$M$205,4,FALSE()),99),3,IF(U12<=IFERROR(VLOOKUP(CONCATENATE(D12,YEAR(TODAY())-YEAR(C12),"lin20m"),_viitearvot!$I$2:$M$205,5,FALSE()),99),2,1))))) | Z12: =IFERROR(MIN(W12,X12,Y12),"") | AA12: =IF(OR(Z12="",D12=""),"",IF(Z12<=IFERROR(VLOOKUP(CONCATENATE(D12,YEAR(TODAY())-YEAR(C12),"lin30m"),_viitearvot!$I$2:$M$205,2,FALSE()),99),5,IF(Z12<=IFERROR(VLOOKUP(CONCATENATE(D12,YEAR(TODAY())-YEAR(C12),"lin30m"),_viitearvot!$I$2:$M$205,3,FALSE()),99),4,IF(Z12<=IFERROR(VLOOKUP(CONCATENATE(D12,YEAR(TODAY())-YEAR(C12),"lin30m"),_viitearvot!$I$2:$M$205,4,FALSE()),99),3,IF(Z12<=IFERROR(VLOOKUP(CONCATENATE(D12,YEAR(TODAY())-YEAR(C12),"lin30m"),_viitearvot!$I$2:$M$205,5,FALSE()),99),2,1))))) | AE12: =IFERROR(MIN(AB12,AC12,AD12),"") | AF12: =IF(OR(AE12="",D12=""),"",IF(AE12<=IFERROR(VLOOKUP(CONCATENATE(D12,YEAR(TODAY())-YEAR(C12),"kasirata"),_viitearvot!$I$2:$M$205,2,FALSE()),99),5,IF(AE12<=IFERROR(VLOOKUP(CONCATENATE(D12,YEAR(TODAY())-YEAR(C12),"kasirata"),_viitearvot!$I$2:$M$205,3,FALSE()),99),4,IF(AE12<=IFERROR(VLOOKUP(CONCATENATE(D12,YEAR(TODAY())-YEAR(C12),"kasirata"),_viitearvot!$I$2:$M$205,4,FALSE()),99),3,IF(AE12<=IFERROR(VLOOKUP(CONCATENATE(D12,YEAR(TODAY())-YEAR(C12),"kasirata"),_viitearvot!$I$2:$M$205,5,FALSE()),99),2,1))))) | AJ12: =IFERROR(MIN(AG12,AH12,AI12),"") | AK12: =IF(OR(AJ12="",D12=""),"",IF(AJ12<=IFERROR(VLOOKUP(CONCATENATE(D12,YEAR(TODAY())-YEAR(C12),"smjuoksu"),_viitearvot!$I$2:$M$205,2,FALSE()),99),5,IF(AJ12<=IFERROR(VLOOKUP(CONCATENATE(D12,YEAR(TODAY())-YEAR(C12),"smjuoksu"),_viitearvot!$I$2:$M$205,3,FALSE()),99),4,IF(AJ12<=IFERROR(VLOOKUP(CONCATENATE(D12,YEAR(TODAY())-YEAR(C12),"smjuoksu"),_viitearvot!$I$2:$M$205,4,FALSE()),99),3,IF(AJ12<=IFERROR(VLOOKUP(CONCATENATE(D12,YEAR(TODAY())-YEAR(C12),"smjuoksu"),_viitearvot!$I$2:$M$205,5,FALSE()),99),2,1))))) | AN12: =IFERROR(MIN(AL12,AM12),"") | AO12: =IF(OR(AN12="",D12=""),"",IF(AN12<=IFERROR(VLOOKUP(CONCATENATE(D12,YEAR(TODAY())-YEAR(C12),"smpallo"),_viitearvot!$I$2:$M$205,2,FALSE()),99),5,IF(AN12<=IFERROR(VLOOKUP(CONCATENATE(D12,YEAR(TODAY())-YEAR(C12),"smpallo"),_viitearvot!$I$2:$M$205,3,FALSE()),99),4,IF(AN12<=IFERROR(VLOOKUP(CONCATENATE(D12,YEAR(TODAY())-YEAR(C12),"smpallo"),_viitearvot!$I$2:$M$205,4,FALSE()),99),3,IF(AN12<=IFERROR(VLOOKUP(CONCATENATE(D12,YEAR(TODAY())-YEAR(C12),"smpallo"),_viitearvot!$I$2:$M$205,5,FALSE()),99),2,1))))) | AS12: =IFERROR(MAX(AP12,AQ12,AR12),"") | AT12: =IF(OR(AS12="",D12=""),"",IF(AS12>=IFERROR(VLOOKUP(CONCATENATE(D12,YEAR(TODAY())-YEAR(C12),"cmj"),_viitearvot!$I$2:$M$205,2,FALSE()),0),5,IF(AS12>=IFERROR(VLOOKUP(CONCATENATE(D12,YEAR(TODAY())-YEAR(C12),"cmj"),_viitearvot!$I$2:$M$205,3,FALSE()),0),4,IF(AS12>=IFERROR(VLOOKUP(CONCATENATE(D12,YEAR(TODAY())-YEAR(C12),"cmj"),_viitearvot!$I$2:$M$205,4,FALSE()),0),3,IF(AS12>=IFERROR(VLOOKUP(CONCATENATE(D12,YEAR(TODAY())-YEAR(C12),"cmj"),_viitearvot!$I$2:$M$205,5,FALSE()),0),2,1))))) | AV12: =IFERROR(MAX(AU12),"") | AW12: =IF(OR(AV12="",D12=""),"",IF(AV12>=IFERROR(VLOOKUP(CONCATENATE(D12,YEAR(TODAY())-YEAR(C12),"bronco"),_viitearvot!$I$2:$M$205,2,FALSE()),0),5,IF(AV12>=IFERROR(VLOOKUP(CONCATENATE(D12,YEAR(TODAY())-YEAR(C12),"bronco"),_viitearvot!$I$2:$M$205,3,FALSE()),0),4,IF(AV12>=IFERROR(VLOOKUP(CONCATENATE(D12,YEAR(TODAY())-YEAR(C12),"bronco"),_viitearvot!$I$2:$M$205,4,FALSE()),0),3,IF(AV12>=IFERROR(VLOOKUP(CONCATENATE(D12,YEAR(TODAY())-YEAR(C12),"bronco"),_viitearvot!$I$2:$M$205,5,FALSE()),0),2,1))))) | AZ12: =IFERROR(MIN(AX12,AY12),"") | BA12: =IF(OR(AZ12="",D12=""),"",IF(AZ12<=IFERROR(VLOOKUP(CONCATENATE(D12,YEAR(TODAY())-YEAR(C12),"pujottelu"),_viitearvot!$I$2:$M$205,2,FALSE()),99),5,IF(AZ12<=IFERROR(VLOOKUP(CONCATENATE(D12,YEAR(TODAY())-YEAR(C12),"pujottelu"),_viitearvot!$I$2:$M$205,3,FALSE()),99),4,IF(AZ12<=IFERROR(VLOOKUP(CONCATENATE(D12,YEAR(TODAY())-YEAR(C12),"pujottelu"),_viitearvot!$I$2:$M$205,4,FALSE()),99),3,IF(AZ12<=IFERROR(VLOOKUP(CONCATENATE(D12,YEAR(TODAY())-YEAR(C12),"pujottelu"),_viitearvot!$I$2:$M$205,5,FALSE()),99),2,1))))) | BD12: =IFERROR(MIN(BB12,BC12),"") | BE12: =IF(OR(BD12="",D12=""),"",IF(BD12<=IFERROR(VLOOKUP(CONCATENATE(D12,YEAR(TODAY())-YEAR(C12),"syotto"),_viitearvot!$I$2:$M$205,2,FALSE()),99),5,IF(BD12<=IFERROR(VLOOKUP(CONCATENATE(D12,YEAR(TODAY())-YEAR(C12),"syotto"),_viitearvot!$I$2:$M$205,3,FALSE()),99),4,IF(BD12<=IFERROR(VLOOKUP(CONCATENATE(D12,YEAR(TODAY())-YEAR(C12),"syotto"),_viitearvot!$I$2:$M$205,4,FALSE()),99),3,IF(BD12<=IFERROR(VLOOKUP(CONCATENATE(D12,YEAR(TODAY())-YEAR(C12),"syotto"),_viitearvot!$I$2:$M$205,5,FALSE()),99),2,1))))) | BG12: =IF(OR(BF12="",K12=""),"",(IF(D12="P",IF(K12<=IFERROR(VLOOKUP(CONCATENATE("P",ROUND(BF12,0),"lin5m"),_viitearvot!$A:$H,4,FALSE()),99),5,IF(K12<=IFERROR(VLOOKUP(CONCATENATE("P",ROUND(BF12,0),"lin5m"),_viitearvot!$A:$H,5,FALSE()),99),4,IF(K12<=IFERROR(VLOOKUP(CONCATENATE("P",ROUND(BF12,0),"lin5m"),_viitearvot!$A:$H,6,FALSE()),99),3,IF(K12<=IFERROR(VLOOKUP(CONCATENATE("P",ROUND(BF12,0),"lin5m"),_viitearvot!$A:$H,7,FALSE()),99),2,1)))),IF(K12<=IFERROR(VLOOKUP(CONCATENATE("T",ROUND(BF12,0),"lin5m"),_viitearvot!$A:$H,4,FALSE()),99),5,IF(K12<=IFERROR(VLOOKUP(CONCATENATE("T",ROUND(BF12,0),"lin5m"),_viitearvot!$A:$H,5,FALSE()),99),4,IF(K12<=IFERROR(VLOOKUP(CONCATENATE("T",ROUND(BF12,0),"lin5m"),_viitearvot!$A:$H,6,FALSE()),99),3,IF(K12<=IFERROR(VLOOKUP(CONCATENATE("T",ROUND(BF12,0),"lin5m"),_viitearvot!$A:$H,7,FALSE()),99),2,1))))))-L12)
K13: =IFERROR(MIN(H13,I13,J13),"") | L13: =IF(OR(K13="",D13=""),"",IF(K13<=IFERROR(VLOOKUP(CONCATENATE(D13,YEAR(TODAY())-YEAR(C13),"lin5m"),_viitearvot!$I$2:$M$205,2,FALSE()),99),5,IF(K13<=IFERROR(VLOOKUP(CONCATENATE(D13,YEAR(TODAY())-YEAR(C13),"lin5m"),_viitearvot!$I$2:$M$205,3,FALSE()),99),4,IF(K13<=IFERROR(VLOOKUP(CONCATENATE(D13,YEAR(TODAY())-YEAR(C13),"lin5m"),_viitearvot!$I$2:$M$205,4,FALSE()),99),3,IF(K13<=IFERROR(VLOOKUP(CONCATENATE(D13,YEAR(TODAY())-YEAR(C13),"lin5m"),_viitearvot!$I$2:$M$205,5,FALSE()),99),2,1))))) | P13: =IFERROR(MIN(M13,N13,O13),"") | Q13: =IF(OR(P13="",D13=""),"",IF(P13<=IFERROR(VLOOKUP(CONCATENATE(D13,YEAR(TODAY())-YEAR(C13),"lin10m"),_viitearvot!$I$2:$M$205,2,FALSE()),99),5,IF(P13<=IFERROR(VLOOKUP(CONCATENATE(D13,YEAR(TODAY())-YEAR(C13),"lin10m"),_viitearvot!$I$2:$M$205,3,FALSE()),99),4,IF(P13<=IFERROR(VLOOKUP(CONCATENATE(D13,YEAR(TODAY())-YEAR(C13),"lin10m"),_viitearvot!$I$2:$M$205,4,FALSE()),99),3,IF(P13<=IFERROR(VLOOKUP(CONCATENATE(D13,YEAR(TODAY())-YEAR(C13),"lin10m"),_viitearvot!$I$2:$M$205,5,FALSE()),99),2,1))))) | U13: =IFERROR(MIN(R13,S13,T13),"") | V13: =IF(OR(U13="",D13=""),"",IF(U13<=IFERROR(VLOOKUP(CONCATENATE(D13,YEAR(TODAY())-YEAR(C13),"lin20m"),_viitearvot!$I$2:$M$205,2,FALSE()),99),5,IF(U13<=IFERROR(VLOOKUP(CONCATENATE(D13,YEAR(TODAY())-YEAR(C13),"lin20m"),_viitearvot!$I$2:$M$205,3,FALSE()),99),4,IF(U13<=IFERROR(VLOOKUP(CONCATENATE(D13,YEAR(TODAY())-YEAR(C13),"lin20m"),_viitearvot!$I$2:$M$205,4,FALSE()),99),3,IF(U13<=IFERROR(VLOOKUP(CONCATENATE(D13,YEAR(TODAY())-YEAR(C13),"lin20m"),_viitearvot!$I$2:$M$205,5,FALSE()),99),2,1))))) | Z13: =IFERROR(MIN(W13,X13,Y13),"") | AA13: =IF(OR(Z13="",D13=""),"",IF(Z13<=IFERROR(VLOOKUP(CONCATENATE(D13,YEAR(TODAY())-YEAR(C13),"lin30m"),_viitearvot!$I$2:$M$205,2,FALSE()),99),5,IF(Z13<=IFERROR(VLOOKUP(CONCATENATE(D13,YEAR(TODAY())-YEAR(C13),"lin30m"),_viitearvot!$I$2:$M$205,3,FALSE()),99),4,IF(Z13<=IFERROR(VLOOKUP(CONCATENATE(D13,YEAR(TODAY())-YEAR(C13),"lin30m"),_viitearvot!$I$2:$M$205,4,FALSE()),99),3,IF(Z13<=IFERROR(VLOOKUP(CONCATENATE(D13,YEAR(TODAY())-YEAR(C13),"lin30m"),_viitearvot!$I$2:$M$205,5,FALSE()),99),2,1))))) | AE13: =IFERROR(MIN(AB13,AC13,AD13),"") | AF13: =IF(OR(AE13="",D13=""),"",IF(AE13<=IFERROR(VLOOKUP(CONCATENATE(D13,YEAR(TODAY())-YEAR(C13),"kasirata"),_viitearvot!$I$2:$M$205,2,FALSE()),99),5,IF(AE13<=IFERROR(VLOOKUP(CONCATENATE(D13,YEAR(TODAY())-YEAR(C13),"kasirata"),_viitearvot!$I$2:$M$205,3,FALSE()),99),4,IF(AE13<=IFERROR(VLOOKUP(CONCATENATE(D13,YEAR(TODAY())-YEAR(C13),"kasirata"),_viitearvot!$I$2:$M$205,4,FALSE()),99),3,IF(AE13<=IFERROR(VLOOKUP(CONCATENATE(D13,YEAR(TODAY())-YEAR(C13),"kasirata"),_viitearvot!$I$2:$M$205,5,FALSE()),99),2,1))))) | AJ13: =IFERROR(MIN(AG13,AH13,AI13),"") | AK13: =IF(OR(AJ13="",D13=""),"",IF(AJ13<=IFERROR(VLOOKUP(CONCATENATE(D13,YEAR(TODAY())-YEAR(C13),"smjuoksu"),_viitearvot!$I$2:$M$205,2,FALSE()),99),5,IF(AJ13<=IFERROR(VLOOKUP(CONCATENATE(D13,YEAR(TODAY())-YEAR(C13),"smjuoksu"),_viitearvot!$I$2:$M$205,3,FALSE()),99),4,IF(AJ13<=IFERROR(VLOOKUP(CONCATENATE(D13,YEAR(TODAY())-YEAR(C13),"smjuoksu"),_viitearvot!$I$2:$M$205,4,FALSE()),99),3,IF(AJ13<=IFERROR(VLOOKUP(CONCATENATE(D13,YEAR(TODAY())-YEAR(C13),"smjuoksu"),_viitearvot!$I$2:$M$205,5,FALSE()),99),2,1))))) | AN13: =IFERROR(MIN(AL13,AM13),"") | AO13: =IF(OR(AN13="",D13=""),"",IF(AN13<=IFERROR(VLOOKUP(CONCATENATE(D13,YEAR(TODAY())-YEAR(C13),"smpallo"),_viitearvot!$I$2:$M$205,2,FALSE()),99),5,IF(AN13<=IFERROR(VLOOKUP(CONCATENATE(D13,YEAR(TODAY())-YEAR(C13),"smpallo"),_viitearvot!$I$2:$M$205,3,FALSE()),99),4,IF(AN13<=IFERROR(VLOOKUP(CONCATENATE(D13,YEAR(TODAY())-YEAR(C13),"smpallo"),_viitearvot!$I$2:$M$205,4,FALSE()),99),3,IF(AN13<=IFERROR(VLOOKUP(CONCATENATE(D13,YEAR(TODAY())-YEAR(C13),"smpallo"),_viitearvot!$I$2:$M$205,5,FALSE()),99),2,1))))) | AS13: =IFERROR(MAX(AP13,AQ13,AR13),"") | AT13: =IF(OR(AS13="",D13=""),"",IF(AS13>=IFERROR(VLOOKUP(CONCATENATE(D13,YEAR(TODAY())-YEAR(C13),"cmj"),_viitearvot!$I$2:$M$205,2,FALSE()),0),5,IF(AS13>=IFERROR(VLOOKUP(CONCATENATE(D13,YEAR(TODAY())-YEAR(C13),"cmj"),_viitearvot!$I$2:$M$205,3,FALSE()),0),4,IF(AS13>=IFERROR(VLOOKUP(CONCATENATE(D13,YEAR(TODAY())-YEAR(C13),"cmj"),_viitearvot!$I$2:$M$205,4,FALSE()),0),3,IF(AS13>=IFERROR(VLOOKUP(CONCATENATE(D13,YEAR(TODAY())-YEAR(C13),"cmj"),_viitearvot!$I$2:$M$205,5,FALSE()),0),2,1))))) | AV13: =IFERROR(MAX(AU13),"") | AW13: =IF(OR(AV13="",D13=""),"",IF(AV13>=IFERROR(VLOOKUP(CONCATENATE(D13,YEAR(TODAY())-YEAR(C13),"bronco"),_viitearvot!$I$2:$M$205,2,FALSE()),0),5,IF(AV13>=IFERROR(VLOOKUP(CONCATENATE(D13,YEAR(TODAY())-YEAR(C13),"bronco"),_viitearvot!$I$2:$M$205,3,FALSE()),0),4,IF(AV13>=IFERROR(VLOOKUP(CONCATENATE(D13,YEAR(TODAY())-YEAR(C13),"bronco"),_viitearvot!$I$2:$M$205,4,FALSE()),0),3,IF(AV13>=IFERROR(VLOOKUP(CONCATENATE(D13,YEAR(TODAY())-YEAR(C13),"bronco"),_viitearvot!$I$2:$M$205,5,FALSE()),0),2,1))))) | AZ13: =IFERROR(MIN(AX13,AY13),"") | BA13: =IF(OR(AZ13="",D13=""),"",IF(AZ13<=IFERROR(VLOOKUP(CONCATENATE(D13,YEAR(TODAY())-YEAR(C13),"pujottelu"),_viitearvot!$I$2:$M$205,2,FALSE()),99),5,IF(AZ13<=IFERROR(VLOOKUP(CONCATENATE(D13,YEAR(TODAY())-YEAR(C13),"pujottelu"),_viitearvot!$I$2:$M$205,3,FALSE()),99),4,IF(AZ13<=IFERROR(VLOOKUP(CONCATENATE(D13,YEAR(TODAY())-YEAR(C13),"pujottelu"),_viitearvot!$I$2:$M$205,4,FALSE()),99),3,IF(AZ13<=IFERROR(VLOOKUP(CONCATENATE(D13,YEAR(TODAY())-YEAR(C13),"pujottelu"),_viitearvot!$I$2:$M$205,5,FALSE()),99),2,1))))) | BD13: =IFERROR(MIN(BB13,BC13),"") | BE13: =IF(OR(BD13="",D13=""),"",IF(BD13<=IFERROR(VLOOKUP(CONCATENATE(D13,YEAR(TODAY())-YEAR(C13),"syotto"),_viitearvot!$I$2:$M$205,2,FALSE()),99),5,IF(BD13<=IFERROR(VLOOKUP(CONCATENATE(D13,YEAR(TODAY())-YEAR(C13),"syotto"),_viitearvot!$I$2:$M$205,3,FALSE()),99),4,IF(BD13<=IFERROR(VLOOKUP(CONCATENATE(D13,YEAR(TODAY())-YEAR(C13),"syotto"),_viitearvot!$I$2:$M$205,4,FALSE()),99),3,IF(BD13<=IFERROR(VLOOKUP(CONCATENATE(D13,YEAR(TODAY())-YEAR(C13),"syotto"),_viitearvot!$I$2:$M$205,5,FALSE()),99),2,1))))) | BG13: =IF(OR(BF13="",K13=""),"",(IF(D13="P",IF(K13<=IFERROR(VLOOKUP(CONCATENATE("P",ROUND(BF13,0),"lin5m"),_viitearvot!$A:$H,4,FALSE()),99),5,IF(K13<=IFERROR(VLOOKUP(CONCATENATE("P",ROUND(BF13,0),"lin5m"),_viitearvot!$A:$H,5,FALSE()),99),4,IF(K13<=IFERROR(VLOOKUP(CONCATENATE("P",ROUND(BF13,0),"lin5m"),_viitearvot!$A:$H,6,FALSE()),99),3,IF(K13<=IFERROR(VLOOKUP(CONCATENATE("P",ROUND(BF13,0),"lin5m"),_viitearvot!$A:$H,7,FALSE()),99),2,1)))),IF(K13<=IFERROR(VLOOKUP(CONCATENATE("T",ROUND(BF13,0),"lin5m"),_viitearvot!$A:$H,4,FALSE()),99),5,IF(K13<=IFERROR(VLOOKUP(CONCATENATE("T",ROUND(BF13,0),"lin5m"),_viitearvot!$A:$H,5,FALSE()),99),4,IF(K13<=IFERROR(VLOOKUP(CONCATENATE("T",ROUND(BF13,0),"lin5m"),_viitearvot!$A:$H,6,FALSE()),99),3,IF(K13<=IFERROR(VLOOKUP(CONCATENATE("T",ROUND(BF13,0),"lin5m"),_viitearvot!$A:$H,7,FALSE()),99),2,1))))))-L13)
K14: =IFERROR(MIN(H14,I14,J14),"") | L14: =IF(OR(K14="",D14=""),"",IF(K14<=IFERROR(VLOOKUP(CONCATENATE(D14,YEAR(TODAY())-YEAR(C14),"lin5m"),_viitearvot!$I$2:$M$205,2,FALSE()),99),5,IF(K14<=IFERROR(VLOOKUP(CONCATENATE(D14,YEAR(TODAY())-YEAR(C14),"lin5m"),_viitearvot!$I$2:$M$205,3,FALSE()),99),4,IF(K14<=IFERROR(VLOOKUP(CONCATENATE(D14,YEAR(TODAY())-YEAR(C14),"lin5m"),_viitearvot!$I$2:$M$205,4,FALSE()),99),3,IF(K14<=IFERROR(VLOOKUP(CONCATENATE(D14,YEAR(TODAY())-YEAR(C14),"lin5m"),_viitearvot!$I$2:$M$205,5,FALSE()),99),2,1))))) | P14: =IFERROR(MIN(M14,N14,O14),"") | Q14: =IF(OR(P14="",D14=""),"",IF(P14<=IFERROR(VLOOKUP(CONCATENATE(D14,YEAR(TODAY())-YEAR(C14),"lin10m"),_viitearvot!$I$2:$M$205,2,FALSE()),99),5,IF(P14<=IFERROR(VLOOKUP(CONCATENATE(D14,YEAR(TODAY())-YEAR(C14),"lin10m"),_viitearvot!$I$2:$M$205,3,FALSE()),99),4,IF(P14<=IFERROR(VLOOKUP(CONCATENATE(D14,YEAR(TODAY())-YEAR(C14),"lin10m"),_viitearvot!$I$2:$M$205,4,FALSE()),99),3,IF(P14<=IFERROR(VLOOKUP(CONCATENATE(D14,YEAR(TODAY())-YEAR(C14),"lin10m"),_viitearvot!$I$2:$M$205,5,FALSE()),99),2,1))))) | U14: =IFERROR(MIN(R14,S14,T14),"") | V14: =IF(OR(U14="",D14=""),"",IF(U14<=IFERROR(VLOOKUP(CONCATENATE(D14,YEAR(TODAY())-YEAR(C14),"lin20m"),_viitearvot!$I$2:$M$205,2,FALSE()),99),5,IF(U14<=IFERROR(VLOOKUP(CONCATENATE(D14,YEAR(TODAY())-YEAR(C14),"lin20m"),_viitearvot!$I$2:$M$205,3,FALSE()),99),4,IF(U14<=IFERROR(VLOOKUP(CONCATENATE(D14,YEAR(TODAY())-YEAR(C14),"lin20m"),_viitearvot!$I$2:$M$205,4,FALSE()),99),3,IF(U14<=IFERROR(VLOOKUP(CONCATENATE(D14,YEAR(TODAY())-YEAR(C14),"lin20m"),_viitearvot!$I$2:$M$205,5,FALSE()),99),2,1))))) | Z14: =IFERROR(MIN(W14,X14,Y14),"") | AA14: =IF(OR(Z14="",D14=""),"",IF(Z14<=IFERROR(VLOOKUP(CONCATENATE(D14,YEAR(TODAY())-YEAR(C14),"lin30m"),_viitearvot!$I$2:$M$205,2,FALSE()),99),5,IF(Z14<=IFERROR(VLOOKUP(CONCATENATE(D14,YEAR(TODAY())-YEAR(C14),"lin30m"),_viitearvot!$I$2:$M$205,3,FALSE()),99),4,IF(Z14<=IFERROR(VLOOKUP(CONCATENATE(D14,YEAR(TODAY())-YEAR(C14),"lin30m"),_viitearvot!$I$2:$M$205,4,FALSE()),99),3,IF(Z14<=IFERROR(VLOOKUP(CONCATENATE(D14,YEAR(TODAY())-YEAR(C14),"lin30m"),_viitearvot!$I$2:$M$205,5,FALSE()),99),2,1))))) | AE14: =IFERROR(MIN(AB14,AC14,AD14),"") | AF14: =IF(OR(AE14="",D14=""),"",IF(AE14<=IFERROR(VLOOKUP(CONCATENATE(D14,YEAR(TODAY())-YEAR(C14),"kasirata"),_viitearvot!$I$2:$M$205,2,FALSE()),99),5,IF(AE14<=IFERROR(VLOOKUP(CONCATENATE(D14,YEAR(TODAY())-YEAR(C14),"kasirata"),_viitearvot!$I$2:$M$205,3,FALSE()),99),4,IF(AE14<=IFERROR(VLOOKUP(CONCATENATE(D14,YEAR(TODAY())-YEAR(C14),"kasirata"),_viitearvot!$I$2:$M$205,4,FALSE()),99),3,IF(AE14<=IFERROR(VLOOKUP(CONCATENATE(D14,YEAR(TODAY())-YEAR(C14),"kasirata"),_viitearvot!$I$2:$M$205,5,FALSE()),99),2,1))))) | AJ14: =IFERROR(MIN(AG14,AH14,AI14),"") | AK14: =IF(OR(AJ14="",D14=""),"",IF(AJ14<=IFERROR(VLOOKUP(CONCATENATE(D14,YEAR(TODAY())-YEAR(C14),"smjuoksu"),_viitearvot!$I$2:$M$205,2,FALSE()),99),5,IF(AJ14<=IFERROR(VLOOKUP(CONCATENATE(D14,YEAR(TODAY())-YEAR(C14),"smjuoksu"),_viitearvot!$I$2:$M$205,3,FALSE()),99),4,IF(AJ14<=IFERROR(VLOOKUP(CONCATENATE(D14,YEAR(TODAY())-YEAR(C14),"smjuoksu"),_viitearvot!$I$2:$M$205,4,FALSE()),99),3,IF(AJ14<=IFERROR(VLOOKUP(CONCATENATE(D14,YEAR(TODAY())-YEAR(C14),"smjuoksu"),_viitearvot!$I$2:$M$205,5,FALSE()),99),2,1))))) | AN14: =IFERROR(MIN(AL14,AM14),"") | AO14: =IF(OR(AN14="",D14=""),"",IF(AN14<=IFERROR(VLOOKUP(CONCATENATE(D14,YEAR(TODAY())-YEAR(C14),"smpallo"),_viitearvot!$I$2:$M$205,2,FALSE()),99),5,IF(AN14<=IFERROR(VLOOKUP(CONCATENATE(D14,YEAR(TODAY())-YEAR(C14),"smpallo"),_viitearvot!$I$2:$M$205,3,FALSE()),99),4,IF(AN14<=IFERROR(VLOOKUP(CONCATENATE(D14,YEAR(TODAY())-YEAR(C14),"smpallo"),_viitearvot!$I$2:$M$205,4,FALSE()),99),3,IF(AN14<=IFERROR(VLOOKUP(CONCATENATE(D14,YEAR(TODAY())-YEAR(C14),"smpallo"),_viitearvot!$I$2:$M$205,5,FALSE()),99),2,1))))) | AS14: =IFERROR(MAX(AP14,AQ14,AR14),"") | AT14: =IF(OR(AS14="",D14=""),"",IF(AS14>=IFERROR(VLOOKUP(CONCATENATE(D14,YEAR(TODAY())-YEAR(C14),"cmj"),_viitearvot!$I$2:$M$205,2,FALSE()),0),5,IF(AS14>=IFERROR(VLOOKUP(CONCATENATE(D14,YEAR(TODAY())-YEAR(C14),"cmj"),_viitearvot!$I$2:$M$205,3,FALSE()),0),4,IF(AS14>=IFERROR(VLOOKUP(CONCATENATE(D14,YEAR(TODAY())-YEAR(C14),"cmj"),_viitearvot!$I$2:$M$205,4,FALSE()),0),3,IF(AS14>=IFERROR(VLOOKUP(CONCATENATE(D14,YEAR(TODAY())-YEAR(C14),"cmj"),_viitearvot!$I$2:$M$205,5,FALSE()),0),2,1))))) | AV14: =IFERROR(MAX(AU14),"") | AW14: =IF(OR(AV14="",D14=""),"",IF(AV14>=IFERROR(VLOOKUP(CONCATENATE(D14,YEAR(TODAY())-YEAR(C14),"bronco"),_viitearvot!$I$2:$M$205,2,FALSE()),0),5,IF(AV14>=IFERROR(VLOOKUP(CONCATENATE(D14,YEAR(TODAY())-YEAR(C14),"bronco"),_viitearvot!$I$2:$M$205,3,FALSE()),0),4,IF(AV14>=IFERROR(VLOOKUP(CONCATENATE(D14,YEAR(TODAY())-YEAR(C14),"bronco"),_viitearvot!$I$2:$M$205,4,FALSE()),0),3,IF(AV14>=IFERROR(VLOOKUP(CONCATENATE(D14,YEAR(TODAY())-YEAR(C14),"bronco"),_viitearvot!$I$2:$M$205,5,FALSE()),0),2,1))))) | AZ14: =IFERROR(MIN(AX14,AY14),"") | BA14: =IF(OR(AZ14="",D14=""),"",IF(AZ14<=IFERROR(VLOOKUP(CONCATENATE(D14,YEAR(TODAY())-YEAR(C14),"pujottelu"),_viitearvot!$I$2:$M$205,2,FALSE()),99),5,IF(AZ14<=IFERROR(VLOOKUP(CONCATENATE(D14,YEAR(TODAY())-YEAR(C14),"pujottelu"),_viitearvot!$I$2:$M$205,3,FALSE()),99),4,IF(AZ14<=IFERROR(VLOOKUP(CONCATENATE(D14,YEAR(TODAY())-YEAR(C14),"pujottelu"),_viitearvot!$I$2:$M$205,4,FALSE()),99),3,IF(AZ14<=IFERROR(VLOOKUP(CONCATENATE(D14,YEAR(TODAY())-YEAR(C14),"pujottelu"),_viitearvot!$I$2:$M$205,5,FALSE()),99),2,1))))) | BD14: =IFERROR(MIN(BB14,BC14),"") | BE14: =IF(OR(BD14="",D14=""),"",IF(BD14<=IFERROR(VLOOKUP(CONCATENATE(D14,YEAR(TODAY())-YEAR(C14),"syotto"),_viitearvot!$I$2:$M$205,2,FALSE()),99),5,IF(BD14<=IFERROR(VLOOKUP(CONCATENATE(D14,YEAR(TODAY())-YEAR(C14),"syotto"),_viitearvot!$I$2:$M$205,3,FALSE()),99),4,IF(BD14<=IFERROR(VLOOKUP(CONCATENATE(D14,YEAR(TODAY())-YEAR(C14),"syotto"),_viitearvot!$I$2:$M$205,4,FALSE()),99),3,IF(BD14<=IFERROR(VLOOKUP(CONCATENATE(D14,YEAR(TODAY())-YEAR(C14),"syotto"),_viitearvot!$I$2:$M$205,5,FALSE()),99),2,1))))) | BG14: =IF(OR(BF14="",K14=""),"",(IF(D14="P",IF(K14<=IFERROR(VLOOKUP(CONCATENATE("P",ROUND(BF14,0),"lin5m"),_viitearvot!$A:$H,4,FALSE()),99),5,IF(K14<=IFERROR(VLOOKUP(CONCATENATE("P",ROUND(BF14,0),"lin5m"),_viitearvot!$A:$H,5,FALSE()),99),4,IF(K14<=IFERROR(VLOOKUP(CONCATENATE("P",ROUND(BF14,0),"lin5m"),_viitearvot!$A:$H,6,FALSE()),99),3,IF(K14<=IFERROR(VLOOKUP(CONCATENATE("P",ROUND(BF14,0),"lin5m"),_viitearvot!$A:$H,7,FALSE()),99),2,1)))),IF(K14<=IFERROR(VLOOKUP(CONCATENATE("T",ROUND(BF14,0),"lin5m"),_viitearvot!$A:$H,4,FALSE()),99),5,IF(K14<=IFERROR(VLOOKUP(CONCATENATE("T",ROUND(BF14,0),"lin5m"),_viitearvot!$A:$H,5,FALSE()),99),4,IF(K14<=IFERROR(VLOOKUP(CONCATENATE("T",ROUND(BF14,0),"lin5m"),_viitearvot!$A:$H,6,FALSE()),99),3,IF(K14<=IFERROR(VLOOKUP(CONCATENATE("T",ROUND(BF14,0),"lin5m"),_viitearvot!$A:$H,7,FALSE()),99),2,1))))))-L14)
K15: =IFERROR(MIN(H15,I15,J15),"") | L15: =IF(OR(K15="",D15=""),"",IF(K15<=IFERROR(VLOOKUP(CONCATENATE(D15,YEAR(TODAY())-YEAR(C15),"lin5m"),_viitearvot!$I$2:$M$205,2,FALSE()),99),5,IF(K15<=IFERROR(VLOOKUP(CONCATENATE(D15,YEAR(TODAY())-YEAR(C15),"lin5m"),_viitearvot!$I$2:$M$205,3,FALSE()),99),4,IF(K15<=IFERROR(VLOOKUP(CONCATENATE(D15,YEAR(TODAY())-YEAR(C15),"lin5m"),_viitearvot!$I$2:$M$205,4,FALSE()),99),3,IF(K15<=IFERROR(VLOOKUP(CONCATENATE(D15,YEAR(TODAY())-YEAR(C15),"lin5m"),_viitearvot!$I$2:$M$205,5,FALSE()),99),2,1))))) | P15: =IFERROR(MIN(M15,N15,O15),"") | Q15: =IF(OR(P15="",D15=""),"",IF(P15<=IFERROR(VLOOKUP(CONCATENATE(D15,YEAR(TODAY())-YEAR(C15),"lin10m"),_viitearvot!$I$2:$M$205,2,FALSE()),99),5,IF(P15<=IFERROR(VLOOKUP(CONCATENATE(D15,YEAR(TODAY())-YEAR(C15),"lin10m"),_viitearvot!$I$2:$M$205,3,FALSE()),99),4,IF(P15<=IFERROR(VLOOKUP(CONCATENATE(D15,YEAR(TODAY())-YEAR(C15),"lin10m"),_viitearvot!$I$2:$M$205,4,FALSE()),99),3,IF(P15<=IFERROR(VLOOKUP(CONCATENATE(D15,YEAR(TODAY())-YEAR(C15),"lin10m"),_viitearvot!$I$2:$M$205,5,FALSE()),99),2,1))))) | U15: =IFERROR(MIN(R15,S15,T15),"") | V15: =IF(OR(U15="",D15=""),"",IF(U15<=IFERROR(VLOOKUP(CONCATENATE(D15,YEAR(TODAY())-YEAR(C15),"lin20m"),_viitearvot!$I$2:$M$205,2,FALSE()),99),5,IF(U15<=IFERROR(VLOOKUP(CONCATENATE(D15,YEAR(TODAY())-YEAR(C15),"lin20m"),_viitearvot!$I$2:$M$205,3,FALSE()),99),4,IF(U15<=IFERROR(VLOOKUP(CONCATENATE(D15,YEAR(TODAY())-YEAR(C15),"lin20m"),_viitearvot!$I$2:$M$205,4,FALSE()),99),3,IF(U15<=IFERROR(VLOOKUP(CONCATENATE(D15,YEAR(TODAY())-YEAR(C15),"lin20m"),_viitearvot!$I$2:$M$205,5,FALSE()),99),2,1))))) | Z15: =IFERROR(MIN(W15,X15,Y15),"") | AA15: =IF(OR(Z15="",D15=""),"",IF(Z15<=IFERROR(VLOOKUP(CONCATENATE(D15,YEAR(TODAY())-YEAR(C15),"lin30m"),_viitearvot!$I$2:$M$205,2,FALSE()),99),5,IF(Z15<=IFERROR(VLOOKUP(CONCATENATE(D15,YEAR(TODAY())-YEAR(C15),"lin30m"),_viitearvot!$I$2:$M$205,3,FALSE()),99),4,IF(Z15<=IFERROR(VLOOKUP(CONCATENATE(D15,YEAR(TODAY())-YEAR(C15),"lin30m"),_viitearvot!$I$2:$M$205,4,FALSE()),99),3,IF(Z15<=IFERROR(VLOOKUP(CONCATENATE(D15,YEAR(TODAY())-YEAR(C15),"lin30m"),_viitearvot!$I$2:$M$205,5,FALSE()),99),2,1))))) | AE15: =IFERROR(MIN(AB15,AC15,AD15),"") | AF15: =IF(OR(AE15="",D15=""),"",IF(AE15<=IFERROR(VLOOKUP(CONCATENATE(D15,YEAR(TODAY())-YEAR(C15),"kasirata"),_viitearvot!$I$2:$M$205,2,FALSE()),99),5,IF(AE15<=IFERROR(VLOOKUP(CONCATENATE(D15,YEAR(TODAY())-YEAR(C15),"kasirata"),_viitearvot!$I$2:$M$205,3,FALSE()),99),4,IF(AE15<=IFERROR(VLOOKUP(CONCATENATE(D15,YEAR(TODAY())-YEAR(C15),"kasirata"),_viitearvot!$I$2:$M$205,4,FALSE()),99),3,IF(AE15<=IFERROR(VLOOKUP(CONCATENATE(D15,YEAR(TODAY())-YEAR(C15),"kasirata"),_viitearvot!$I$2:$M$205,5,FALSE()),99),2,1))))) | AJ15: =IFERROR(MIN(AG15,AH15,AI15),"") | AK15: =IF(OR(AJ15="",D15=""),"",IF(AJ15<=IFERROR(VLOOKUP(CONCATENATE(D15,YEAR(TODAY())-YEAR(C15),"smjuoksu"),_viitearvot!$I$2:$M$205,2,FALSE()),99),5,IF(AJ15<=IFERROR(VLOOKUP(CONCATENATE(D15,YEAR(TODAY())-YEAR(C15),"smjuoksu"),_viitearvot!$I$2:$M$205,3,FALSE()),99),4,IF(AJ15<=IFERROR(VLOOKUP(CONCATENATE(D15,YEAR(TODAY())-YEAR(C15),"smjuoksu"),_viitearvot!$I$2:$M$205,4,FALSE()),99),3,IF(AJ15<=IFERROR(VLOOKUP(CONCATENATE(D15,YEAR(TODAY())-YEAR(C15),"smjuoksu"),_viitearvot!$I$2:$M$205,5,FALSE()),99),2,1))))) | AN15: =IFERROR(MIN(AL15,AM15),"") | AO15: =IF(OR(AN15="",D15=""),"",IF(AN15<=IFERROR(VLOOKUP(CONCATENATE(D15,YEAR(TODAY())-YEAR(C15),"smpallo"),_viitearvot!$I$2:$M$205,2,FALSE()),99),5,IF(AN15<=IFERROR(VLOOKUP(CONCATENATE(D15,YEAR(TODAY())-YEAR(C15),"smpallo"),_viitearvot!$I$2:$M$205,3,FALSE()),99),4,IF(AN15<=IFERROR(VLOOKUP(CONCATENATE(D15,YEAR(TODAY())-YEAR(C15),"smpallo"),_viitearvot!$I$2:$M$205,4,FALSE()),99),3,IF(AN15<=IFERROR(VLOOKUP(CONCATENATE(D15,YEAR(TODAY())-YEAR(C15),"smpallo"),_viitearvot!$I$2:$M$205,5,FALSE()),99),2,1))))) | AS15: =IFERROR(MAX(AP15,AQ15,AR15),"") | AT15: =IF(OR(AS15="",D15=""),"",IF(AS15>=IFERROR(VLOOKUP(CONCATENATE(D15,YEAR(TODAY())-YEAR(C15),"cmj"),_viitearvot!$I$2:$M$205,2,FALSE()),0),5,IF(AS15>=IFERROR(VLOOKUP(CONCATENATE(D15,YEAR(TODAY())-YEAR(C15),"cmj"),_viitearvot!$I$2:$M$205,3,FALSE()),0),4,IF(AS15>=IFERROR(VLOOKUP(CONCATENATE(D15,YEAR(TODAY())-YEAR(C15),"cmj"),_viitearvot!$I$2:$M$205,4,FALSE()),0),3,IF(AS15>=IFERROR(VLOOKUP(CONCATENATE(D15,YEAR(TODAY())-YEAR(C15),"cmj"),_viitearvot!$I$2:$M$205,5,FALSE()),0),2,1))))) | AV15: =IFERROR(MAX(AU15),"") | AW15: =IF(OR(AV15="",D15=""),"",IF(AV15>=IFERROR(VLOOKUP(CONCATENATE(D15,YEAR(TODAY())-YEAR(C15),"bronco"),_viitearvot!$I$2:$M$205,2,FALSE()),0),5,IF(AV15>=IFERROR(VLOOKUP(CONCATENATE(D15,YEAR(TODAY())-YEAR(C15),"bronco"),_viitearvot!$I$2:$M$205,3,FALSE()),0),4,IF(AV15>=IFERROR(VLOOKUP(CONCATENATE(D15,YEAR(TODAY())-YEAR(C15),"bronco"),_viitearvot!$I$2:$M$205,4,FALSE()),0),3,IF(AV15>=IFERROR(VLOOKUP(CONCATENATE(D15,YEAR(TODAY())-YEAR(C15),"bronco"),_viitearvot!$I$2:$M$205,5,FALSE()),0),2,1))))) | AZ15: =IFERROR(MIN(AX15,AY15),"") | BA15: =IF(OR(AZ15="",D15=""),"",IF(AZ15<=IFERROR(VLOOKUP(CONCATENATE(D15,YEAR(TODAY())-YEAR(C15),"pujottelu"),_viitearvot!$I$2:$M$205,2,FALSE()),99),5,IF(AZ15<=IFERROR(VLOOKUP(CONCATENATE(D15,YEAR(TODAY())-YEAR(C15),"pujottelu"),_viitearvot!$I$2:$M$205,3,FALSE()),99),4,IF(AZ15<=IFERROR(VLOOKUP(CONCATENATE(D15,YEAR(TODAY())-YEAR(C15),"pujottelu"),_viitearvot!$I$2:$M$205,4,FALSE()),99),3,IF(AZ15<=IFERROR(VLOOKUP(CONCATENATE(D15,YEAR(TODAY())-YEAR(C15),"pujottelu"),_viitearvot!$I$2:$M$205,5,FALSE()),99),2,1))))) | BD15: =IFERROR(MIN(BB15,BC15),"") | BE15: =IF(OR(BD15="",D15=""),"",IF(BD15<=IFERROR(VLOOKUP(CONCATENATE(D15,YEAR(TODAY())-YEAR(C15),"syotto"),_viitearvot!$I$2:$M$205,2,FALSE()),99),5,IF(BD15<=IFERROR(VLOOKUP(CONCATENATE(D15,YEAR(TODAY())-YEAR(C15),"syotto"),_viitearvot!$I$2:$M$205,3,FALSE()),99),4,IF(BD15<=IFERROR(VLOOKUP(CONCATENATE(D15,YEAR(TODAY())-YEAR(C15),"syotto"),_viitearvot!$I$2:$M$205,4,FALSE()),99),3,IF(BD15<=IFERROR(VLOOKUP(CONCATENATE(D15,YEAR(TODAY())-YEAR(C15),"syotto"),_viitearvot!$I$2:$M$205,5,FALSE()),99),2,1))))) | BG15: =IF(OR(BF15="",K15=""),"",(IF(D15="P",IF(K15<=IFERROR(VLOOKUP(CONCATENATE("P",ROUND(BF15,0),"lin5m"),_viitearvot!$A:$H,4,FALSE()),99),5,IF(K15<=IFERROR(VLOOKUP(CONCATENATE("P",ROUND(BF15,0),"lin5m"),_viitearvot!$A:$H,5,FALSE()),99),4,IF(K15<=IFERROR(VLOOKUP(CONCATENATE("P",ROUND(BF15,0),"lin5m"),_viitearvot!$A:$H,6,FALSE()),99),3,IF(K15<=IFERROR(VLOOKUP(CONCATENATE("P",ROUND(BF15,0),"lin5m"),_viitearvot!$A:$H,7,FALSE()),99),2,1)))),IF(K15<=IFERROR(VLOOKUP(CONCATENATE("T",ROUND(BF15,0),"lin5m"),_viitearvot!$A:$H,4,FALSE()),99),5,IF(K15<=IFERROR(VLOOKUP(CONCATENATE("T",ROUND(BF15,0),"lin5m"),_viitearvot!$A:$H,5,FALSE()),99),4,IF(K15<=IFERROR(VLOOKUP(CONCATENATE("T",ROUND(BF15,0),"lin5m"),_viitearvot!$A:$H,6,FALSE()),99),3,IF(K15<=IFERROR(VLOOKUP(CONCATENATE("T",ROUND(BF15,0),"lin5m"),_viitearvot!$A:$H,7,FALSE()),99),2,1))))))-L15)
K16: =IFERROR(MIN(H16,I16,J16),"") | L16: =IF(OR(K16="",D16=""),"",IF(K16<=IFERROR(VLOOKUP(CONCATENATE(D16,YEAR(TODAY())-YEAR(C16),"lin5m"),_viitearvot!$I$2:$M$205,2,FALSE()),99),5,IF(K16<=IFERROR(VLOOKUP(CONCATENATE(D16,YEAR(TODAY())-YEAR(C16),"lin5m"),_viitearvot!$I$2:$M$205,3,FALSE()),99),4,IF(K16<=IFERROR(VLOOKUP(CONCATENATE(D16,YEAR(TODAY())-YEAR(C16),"lin5m"),_viitearvot!$I$2:$M$205,4,FALSE()),99),3,IF(K16<=IFERROR(VLOOKUP(CONCATENATE(D16,YEAR(TODAY())-YEAR(C16),"lin5m"),_viitearvot!$I$2:$M$205,5,FALSE()),99),2,1))))) | P16: =IFERROR(MIN(M16,N16,O16),"") | Q16: =IF(OR(P16="",D16=""),"",IF(P16<=IFERROR(VLOOKUP(CONCATENATE(D16,YEAR(TODAY())-YEAR(C16),"lin10m"),_viitearvot!$I$2:$M$205,2,FALSE()),99),5,IF(P16<=IFERROR(VLOOKUP(CONCATENATE(D16,YEAR(TODAY())-YEAR(C16),"lin10m"),_viitearvot!$I$2:$M$205,3,FALSE()),99),4,IF(P16<=IFERROR(VLOOKUP(CONCATENATE(D16,YEAR(TODAY())-YEAR(C16),"lin10m"),_viitearvot!$I$2:$M$205,4,FALSE()),99),3,IF(P16<=IFERROR(VLOOKUP(CONCATENATE(D16,YEAR(TODAY())-YEAR(C16),"lin10m"),_viitearvot!$I$2:$M$205,5,FALSE()),99),2,1))))) | U16: =IFERROR(MIN(R16,S16,T16),"") | V16: =IF(OR(U16="",D16=""),"",IF(U16<=IFERROR(VLOOKUP(CONCATENATE(D16,YEAR(TODAY())-YEAR(C16),"lin20m"),_viitearvot!$I$2:$M$205,2,FALSE()),99),5,IF(U16<=IFERROR(VLOOKUP(CONCATENATE(D16,YEAR(TODAY())-YEAR(C16),"lin20m"),_viitearvot!$I$2:$M$205,3,FALSE()),99),4,IF(U16<=IFERROR(VLOOKUP(CONCATENATE(D16,YEAR(TODAY())-YEAR(C16),"lin20m"),_viitearvot!$I$2:$M$205,4,FALSE()),99),3,IF(U16<=IFERROR(VLOOKUP(CONCATENATE(D16,YEAR(TODAY())-YEAR(C16),"lin20m"),_viitearvot!$I$2:$M$205,5,FALSE()),99),2,1))))) | Z16: =IFERROR(MIN(W16,X16,Y16),"") | AA16: =IF(OR(Z16="",D16=""),"",IF(Z16<=IFERROR(VLOOKUP(CONCATENATE(D16,YEAR(TODAY())-YEAR(C16),"lin30m"),_viitearvot!$I$2:$M$205,2,FALSE()),99),5,IF(Z16<=IFERROR(VLOOKUP(CONCATENATE(D16,YEAR(TODAY())-YEAR(C16),"lin30m"),_viitearvot!$I$2:$M$205,3,FALSE()),99),4,IF(Z16<=IFERROR(VLOOKUP(CONCATENATE(D16,YEAR(TODAY())-YEAR(C16),"lin30m"),_viitearvot!$I$2:$M$205,4,FALSE()),99),3,IF(Z16<=IFERROR(VLOOKUP(CONCATENATE(D16,YEAR(TODAY())-YEAR(C16),"lin30m"),_viitearvot!$I$2:$M$205,5,FALSE()),99),2,1))))) | AE16: =IFERROR(MIN(AB16,AC16,AD16),"") | AF16: =IF(OR(AE16="",D16=""),"",IF(AE16<=IFERROR(VLOOKUP(CONCATENATE(D16,YEAR(TODAY())-YEAR(C16),"kasirata"),_viitearvot!$I$2:$M$205,2,FALSE()),99),5,IF(AE16<=IFERROR(VLOOKUP(CONCATENATE(D16,YEAR(TODAY())-YEAR(C16),"kasirata"),_viitearvot!$I$2:$M$205,3,FALSE()),99),4,IF(AE16<=IFERROR(VLOOKUP(CONCATENATE(D16,YEAR(TODAY())-YEAR(C16),"kasirata"),_viitearvot!$I$2:$M$205,4,FALSE()),99),3,IF(AE16<=IFERROR(VLOOKUP(CONCATENATE(D16,YEAR(TODAY())-YEAR(C16),"kasirata"),_viitearvot!$I$2:$M$205,5,FALSE()),99),2,1))))) | AJ16: =IFERROR(MIN(AG16,AH16,AI16),"") | AK16: =IF(OR(AJ16="",D16=""),"",IF(AJ16<=IFERROR(VLOOKUP(CONCATENATE(D16,YEAR(TODAY())-YEAR(C16),"smjuoksu"),_viitearvot!$I$2:$M$205,2,FALSE()),99),5,IF(AJ16<=IFERROR(VLOOKUP(CONCATENATE(D16,YEAR(TODAY())-YEAR(C16),"smjuoksu"),_viitearvot!$I$2:$M$205,3,FALSE()),99),4,IF(AJ16<=IFERROR(VLOOKUP(CONCATENATE(D16,YEAR(TODAY())-YEAR(C16),"smjuoksu"),_viitearvot!$I$2:$M$205,4,FALSE()),99),3,IF(AJ16<=IFERROR(VLOOKUP(CONCATENATE(D16,YEAR(TODAY())-YEAR(C16),"smjuoksu"),_viitearvot!$I$2:$M$205,5,FALSE()),99),2,1))))) | AN16: =IFERROR(MIN(AL16,AM16),"") | AO16: =IF(OR(AN16="",D16=""),"",IF(AN16<=IFERROR(VLOOKUP(CONCATENATE(D16,YEAR(TODAY())-YEAR(C16),"smpallo"),_viitearvot!$I$2:$M$205,2,FALSE()),99),5,IF(AN16<=IFERROR(VLOOKUP(CONCATENATE(D16,YEAR(TODAY())-YEAR(C16),"smpallo"),_viitearvot!$I$2:$M$205,3,FALSE()),99),4,IF(AN16<=IFERROR(VLOOKUP(CONCATENATE(D16,YEAR(TODAY())-YEAR(C16),"smpallo"),_viitearvot!$I$2:$M$205,4,FALSE()),99),3,IF(AN16<=IFERROR(VLOOKUP(CONCATENATE(D16,YEAR(TODAY())-YEAR(C16),"smpallo"),_viitearvot!$I$2:$M$205,5,FALSE()),99),2,1))))) | AS16: =IFERROR(MAX(AP16,AQ16,AR16),"") | AT16: =IF(OR(AS16="",D16=""),"",IF(AS16>=IFERROR(VLOOKUP(CONCATENATE(D16,YEAR(TODAY())-YEAR(C16),"cmj"),_viitearvot!$I$2:$M$205,2,FALSE()),0),5,IF(AS16>=IFERROR(VLOOKUP(CONCATENATE(D16,YEAR(TODAY())-YEAR(C16),"cmj"),_viitearvot!$I$2:$M$205,3,FALSE()),0),4,IF(AS16>=IFERROR(VLOOKUP(CONCATENATE(D16,YEAR(TODAY())-YEAR(C16),"cmj"),_viitearvot!$I$2:$M$205,4,FALSE()),0),3,IF(AS16>=IFERROR(VLOOKUP(CONCATENATE(D16,YEAR(TODAY())-YEAR(C16),"cmj"),_viitearvot!$I$2:$M$205,5,FALSE()),0),2,1))))) | AV16: =IFERROR(MAX(AU16),"") | AW16: =IF(OR(AV16="",D16=""),"",IF(AV16>=IFERROR(VLOOKUP(CONCATENATE(D16,YEAR(TODAY())-YEAR(C16),"bronco"),_viitearvot!$I$2:$M$205,2,FALSE()),0),5,IF(AV16>=IFERROR(VLOOKUP(CONCATENATE(D16,YEAR(TODAY())-YEAR(C16),"bronco"),_viitearvot!$I$2:$M$205,3,FALSE()),0),4,IF(AV16>=IFERROR(VLOOKUP(CONCATENATE(D16,YEAR(TODAY())-YEAR(C16),"bronco"),_viitearvot!$I$2:$M$205,4,FALSE()),0),3,IF(AV16>=IFERROR(VLOOKUP(CONCATENATE(D16,YEAR(TODAY())-YEAR(C16),"bronco"),_viitearvot!$I$2:$M$205,5,FALSE()),0),2,1))))) | AZ16: =IFERROR(MIN(AX16,AY16),"") | BA16: =IF(OR(AZ16="",D16=""),"",IF(AZ16<=IFERROR(VLOOKUP(CONCATENATE(D16,YEAR(TODAY())-YEAR(C16),"pujottelu"),_viitearvot!$I$2:$M$205,2,FALSE()),99),5,IF(AZ16<=IFERROR(VLOOKUP(CONCATENATE(D16,YEAR(TODAY())-YEAR(C16),"pujottelu"),_viitearvot!$I$2:$M$205,3,FALSE()),99),4,IF(AZ16<=IFERROR(VLOOKUP(CONCATENATE(D16,YEAR(TODAY())-YEAR(C16),"pujottelu"),_viitearvot!$I$2:$M$205,4,FALSE()),99),3,IF(AZ16<=IFERROR(VLOOKUP(CONCATENATE(D16,YEAR(TODAY())-YEAR(C16),"pujottelu"),_viitearvot!$I$2:$M$205,5,FALSE()),99),2,1))))) | BD16: =IFERROR(MIN(BB16,BC16),"") | BE16: =IF(OR(BD16="",D16=""),"",IF(BD16<=IFERROR(VLOOKUP(CONCATENATE(D16,YEAR(TODAY())-YEAR(C16),"syotto"),_viitearvot!$I$2:$M$205,2,FALSE()),99),5,IF(BD16<=IFERROR(VLOOKUP(CONCATENATE(D16,YEAR(TODAY())-YEAR(C16),"syotto"),_viitearvot!$I$2:$M$205,3,FALSE()),99),4,IF(BD16<=IFERROR(VLOOKUP(CONCATENATE(D16,YEAR(TODAY())-YEAR(C16),"syotto"),_viitearvot!$I$2:$M$205,4,FALSE()),99),3,IF(BD16<=IFERROR(VLOOKUP(CONCATENATE(D16,YEAR(TODAY())-YEAR(C16),"syotto"),_viitearvot!$I$2:$M$205,5,FALSE()),99),2,1))))) | BG16: =IF(OR(BF16="",K16=""),"",(IF(D16="P",IF(K16<=IFERROR(VLOOKUP(CONCATENATE("P",ROUND(BF16,0),"lin5m"),_viitearvot!$A:$H,4,FALSE()),99),5,IF(K16<=IFERROR(VLOOKUP(CONCATENATE("P",ROUND(BF16,0),"lin5m"),_viitearvot!$A:$H,5,FALSE()),99),4,IF(K16<=IFERROR(VLOOKUP(CONCATENATE("P",ROUND(BF16,0),"lin5m"),_viitearvot!$A:$H,6,FALSE()),99),3,IF(K16<=IFERROR(VLOOKUP(CONCATENATE("P",ROUND(BF16,0),"lin5m"),_viitearvot!$A:$H,7,FALSE()),99),2,1)))),IF(K16<=IFERROR(VLOOKUP(CONCATENATE("T",ROUND(BF16,0),"lin5m"),_viitearvot!$A:$H,4,FALSE()),99),5,IF(K16<=IFERROR(VLOOKUP(CONCATENATE("T",ROUND(BF16,0),"lin5m"),_viitearvot!$A:$H,5,FALSE()),99),4,IF(K16<=IFERROR(VLOOKUP(CONCATENATE("T",ROUND(BF16,0),"lin5m"),_viitearvot!$A:$H,6,FALSE()),99),3,IF(K16<=IFERROR(VLOOKUP(CONCATENATE("T",ROUND(BF16,0),"lin5m"),_viitearvot!$A:$H,7,FALSE()),99),2,1))))))-L16)
... K54: =IFERROR(MIN(H54,I54,J54),"") | L54: =IF(OR(K54="",D54=""),"",IF(K54<=IFERROR(VLOOKUP(CONCATENATE(D54,YEAR(TODAY())-YEAR(C54),"lin5m"),_viitearvot!$I$2:$M$205,2,FALSE()),99),5,IF(K54<=IFERROR(VLOOKUP(CONCATENATE(D54,YEAR(TODAY())-YEAR(C54),"lin5m"),_viitearvot!$I$2:$M$205,3,FALSE()),99),4,IF(K54<=IFERROR(VLOOKUP(CONCATENATE(D54,YEAR(TODAY())-YEAR(C54),"lin5m"),_viitearvot!$I$2:$M$205,4,FALSE()),99),3,IF(K54<=IFERROR(VLOOKUP(CONCATENATE(D54,YEAR(TODAY())-YEAR(C54),"lin5m"),_viitearvot!$I$2:$M$205,5,FALSE()),99),2,1))))) | P54: =IFERROR(MIN(M54,N54,O54),"") | Q54: =IF(OR(P54="",D54=""),"",IF(P54<=IFERROR(VLOOKUP(CONCATENATE(D54,YEAR(TODAY())-YEAR(C54),"lin10m"),_viitearvot!$I$2:$M$205,2,FALSE()),99),5,IF(P54<=IFERROR(VLOOKUP(CONCATENATE(D54,YEAR(TODAY())-YEAR(C54),"lin10m"),_viitearvot!$I$2:$M$205,3,FALSE()),99),4,IF(P54<=IFERROR(VLOOKUP(CONCATENATE(D54,YEAR(TODAY())-YEAR(C54),"lin10m"),_viitearvot!$I$2:$M$205,4,FALSE()),99),3,IF(P54<=IFERROR(VLOOKUP(CONCATENATE(D54,YEAR(TODAY())-YEAR(C54),"lin10m"),_viitearvot!$I$2:$M$205,5,FALSE()),99),2,1))))) | U54: =IFERROR(MIN(R54,S54,T54),"") | V54: =IF(OR(U54="",D54=""),"",IF(U54<=IFERROR(VLOOKUP(CONCATENATE(D54,YEAR(TODAY())-YEAR(C54),"lin20m"),_viitearvot!$I$2:$M$205,2,FALSE()),99),5,IF(U54<=IFERROR(VLOOKUP(CONCATENATE(D54,YEAR(TODAY())-YEAR(C54),"lin20m"),_viitearvot!$I$2:$M$205,3,FALSE()),99),4,IF(U54<=IFERROR(VLOOKUP(CONCATENATE(D54,YEAR(TODAY())-YEAR(C54),"lin20m"),_viitearvot!$I$2:$M$205,4,FALSE()),99),3,IF(U54<=IFERROR(VLOOKUP(CONCATENATE(D54,YEAR(TODAY())-YEAR(C54),"lin20m"),_viitearvot!$I$2:$M$205,5,FALSE()),99),2,1))))) | Z54: =IFERROR(MIN(W54,X54,Y54),"") | AA54: =IF(OR(Z54="",D54=""),"",IF(Z54<=IFERROR(VLOOKUP(CONCATENATE(D54,YEAR(TODAY())-YEAR(C54),"lin30m"),_viitearvot!$I$2:$M$205,2,FALSE()),99),5,IF(Z54<=IFERROR(VLOOKUP(CONCATENATE(D54,YEAR(TODAY())-YEAR(C54),"lin30m"),_viitearvot!$I$2:$M$205,3,FALSE()),99),4,IF(Z54<=IFERROR(VLOOKUP(CONCATENATE(D54,YEAR(TODAY())-YEAR(C54),"lin30m"),_viitearvot!$I$2:$M$205,4,FALSE()),99),3,IF(Z54<=IFERROR(VLOOKUP(CONCATENATE(D54,YEAR(TODAY())-YEAR(C54),"lin30m"),_viitearvot!$I$2:$M$205,5,FALSE()),99),2,1))))) | AE54: =IFERROR(MIN(AB54,AC54,AD54),"") | AF54: =IF(OR(AE54="",D54=""),"",IF(AE54<=IFERROR(VLOOKUP(CONCATENATE(D54,YEAR(TODAY())-YEAR(C54),"kasirata"),_viitearvot!$I$2:$M$205,2,FALSE()),99),5,IF(AE54<=IFERROR(VLOOKUP(CONCATENATE(D54,YEAR(TODAY())-YEAR(C54),"kasirata"),_viitearvot!$I$2:$M$205,3,FALSE()),99),4,IF(AE54<=IFERROR(VLOOKUP(CONCATENATE(D54,YEAR(TODAY())-YEAR(C54),"kasirata"),_viitearvot!$I$2:$M$205,4,FALSE()),99),3,IF(AE54<=IFERROR(VLOOKUP(CONCATENATE(D54,YEAR(TODAY())-YEAR(C54),"kasirata"),_viitearvot!$I$2:$M$205,5,FALSE()),99),2,1))))) | AJ54: =IFERROR(MIN(AG54,AH54,AI54),"") | AK54: =IF(OR(AJ54="",D54=""),"",IF(AJ54<=IFERROR(VLOOKUP(CONCATENATE(D54,YEAR(TODAY())-YEAR(C54),"smjuoksu"),_viitearvot!$I$2:$M$205,2,FALSE()),99),5,IF(AJ54<=IFERROR(VLOOKUP(CONCATENATE(D54,YEAR(TODAY())-YEAR(C54),"smjuoksu"),_viitearvot!$I$2:$M$205,3,FALSE()),99),4,IF(AJ54<=IFERROR(VLOOKUP(CONCATENATE(D54,YEAR(TODAY())-YEAR(C54),"smjuoksu"),_viitearvot!$I$2:$M$205,4,FALSE()),99),3,IF(AJ54<=IFERROR(VLOOKUP(CONCATENATE(D54,YEAR(TODAY())-YEAR(C54),"smjuoksu"),_viitearvot!$I$2:$M$205,5,FALSE()),99),2,1))))) | AN54: =IFERROR(MIN(AL54,AM54),"") | AO54: =IF(OR(AN54="",D54=""),"",IF(AN54<=IFERROR(VLOOKUP(CONCATENATE(D54,YEAR(TODAY())-YEAR(C54),"smpallo"),_viitearvot!$I$2:$M$205,2,FALSE()),99),5,IF(AN54<=IFERROR(VLOOKUP(CONCATENATE(D54,YEAR(TODAY())-YEAR(C54),"smpallo"),_viitearvot!$I$2:$M$205,3,FALSE()),99),4,IF(AN54<=IFERROR(VLOOKUP(CONCATENATE(D54,YEAR(TODAY())-YEAR(C54),"smpallo"),_viitearvot!$I$2:$M$205,4,FALSE()),99),3,IF(AN54<=IFERROR(VLOOKUP(CONCATENATE(D54,YEAR(TODAY())-YEAR(C54),"smpallo"),_viitearvot!$I$2:$M$205,5,FALSE()),99),2,1))))) | AS54: =IFERROR(MAX(AP54,AQ54,AR54),"") | AT54: =IF(OR(AS54="",D54=""),"",IF(AS54>=IFERROR(VLOOKUP(CONCATENATE(D54,YEAR(TODAY())-YEAR(C54),"cmj"),_viitearvot!$I$2:$M$205,2,FALSE()),0),5,IF(AS54>=IFERROR(VLOOKUP(CONCATENATE(D54,YEAR(TODAY())-YEAR(C54),"cmj"),_viitearvot!$I$2:$M$205,3,FALSE()),0),4,IF(AS54>=IFERROR(VLOOKUP(CONCATENATE(D54,YEAR(TODAY())-YEAR(C54),"cmj"),_viitearvot!$I$2:$M$205,4,FALSE()),0),3,IF(AS54>=IFERROR(VLOOKUP(CONCATENATE(D54,YEAR(TODAY())-YEAR(C54),"cmj"),_viitearvot!$I$2:$M$205,5,FALSE()),0),2,1))))) | AV54: =IFERROR(MAX(AU54),"") | AW54: =IF(OR(AV54="",D54=""),"",IF(AV54>=IFERROR(VLOOKUP(CONCATENATE(D54,YEAR(TODAY())-YEAR(C54),"bronco"),_viitearvot!$I$2:$M$205,2,FALSE()),0),5,IF(AV54>=IFERROR(VLOOKUP(CONCATENATE(D54,YEAR(TODAY())-YEAR(C54),"bronco"),_viitearvot!$I$2:$M$205,3,FALSE()),0),4,IF(AV54>=IFERROR(VLOOKUP(CONCATENATE(D54,YEAR(TODAY())-YEAR(C54),"bronco"),_viitearvot!$I$2:$M$205,4,FALSE()),0),3,IF(AV54>=IFERROR(VLOOKUP(CONCATENATE(D54,YEAR(TODAY())-YEAR(C54),"bronco"),_viitearvot!$I$2:$M$205,5,FALSE()),0),2,1))))) | AZ54: =IFERROR(MIN(AX54,AY54),"") | BA54: =IF(OR(AZ54="",D54=""),"",IF(AZ54<=IFERROR(VLOOKUP(CONCATENATE(D54,YEAR(TODAY())-YEAR(C54),"pujottelu"),_viitearvot!$I$2:$M$205,2,FALSE()),99),5,IF(AZ54<=IFERROR(VLOOKUP(CONCATENATE(D54,YEAR(TODAY())-YEAR(C54),"pujottelu"),_viitearvot!$I$2:$M$205,3,FALSE()),99),4,IF(AZ54<=IFERROR(VLOOKUP(CONCATENATE(D54,YEAR(TODAY())-YEAR(C54),"pujottelu"),_viitearvot!$I$2:$M$205,4,FALSE()),99),3,IF(AZ54<=IFERROR(VLOOKUP(CONCATENATE(D54,YEAR(TODAY())-YEAR(C54),"pujottelu"),_viitearvot!$I$2:$M$205,5,FALSE()),99),2,1))))) | BD54: =IFERROR(MIN(BB54,BC54),"") | BE54: =IF(OR(BD54="",D54=""),"",IF(BD54<=IFERROR(VLOOKUP(CONCATENATE(D54,YEAR(TODAY())-YEAR(C54),"syotto"),_viitearvot!$I$2:$M$205,2,FALSE()),99),5,IF(BD54<=IFERROR(VLOOKUP(CONCATENATE(D54,YEAR(TODAY())-YEAR(C54),"syotto"),_viitearvot!$I$2:$M$205,3,FALSE()),99),4,IF(BD54<=IFERROR(VLOOKUP(CONCATENATE(D54,YEAR(TODAY())-YEAR(C54),"syotto"),_viitearvot!$I$2:$M$205,4,FALSE()),99),3,IF(BD54<=IFERROR(VLOOKUP(CONCATENATE(D54,YEAR(TODAY())-YEAR(C54),"syotto"),_viitearvot!$I$2:$M$205,5,FALSE()),99),2,1))))) | BG54: =IF(OR(BF54="",K54=""),"",(IF(D54="P",IF(K54<=IFERROR(VLOOKUP(CONCATENATE("P",ROUND(BF54,0),"lin5m"),_viitearvot!$A:$H,4,FALSE()),99),5,IF(K54<=IFERROR(VLOOKUP(CONCATENATE("P",ROUND(BF54,0),"lin5m"),_viitearvot!$A:$H,5,FALSE()),99),4,IF(K54<=IFERROR(VLOOKUP(CONCATENATE("P",ROUND(BF54,0),"lin5m"),_viitearvot!$A:$H,6,FALSE()),99),3,IF(K54<=IFERROR(VLOOKUP(CONCATENATE("P",ROUND(BF54,0),"lin5m"),_viitearvot!$A:$H,7,FALSE()),99),2,1)))),IF(K54<=IFERROR(VLOOKUP(CONCATENATE("T",ROUND(BF54,0),"lin5m"),_viitearvot!$A:$H,4,FALSE()),99),5,IF(K54<=IFERROR(VLOOKUP(CONCATENATE("T",ROUND(BF54,0),"lin5m"),_viitearvot!$A:$H,5,FALSE()),99),4,IF(K54<=IFERROR(VLOOKUP(CONCATENATE("T",ROUND(BF54,0),"lin5m"),_viitearvot!$A:$H,6,FALSE()),99),3,IF(K54<=IFERROR(VLOOKUP(CONCATENATE("T",ROUND(BF54,0),"lin5m"),_viitearvot!$A:$H,7,FALSE()),99),2,1))))))-L54)

Sheet 📋 Ohjeet
A1: TalentMaster™ — H-H-polun testiohjeet (Eerikkilä/Palloliitto 2024)
A2: TESTIT JA MITTAUKSET
A3: 1. LINEAARINOPEUS (5m, 10m, 20m, 30m): Mitataan aika sekunteina. Käytä fotoelektristä lasermittausta tai kosketuslevyä. Pienempi arvo = parempi. Kaikille ikäluokille T10/P10 asti aikuisiin.
A4: 2. KASIRATA: Suunnanmuutosnopeus kahdeksikonmuotoisella radalla. Sekunteina. Pienempi = parempi.
A5: 3. SM-JUOKSU: Suunnanmuutosnopeus jalkapallospesifisellä radalla. Sekunteina. Pienempi = parempi.
A6: 4. SM-PALLO: Sama rata kuin SM-juoksu mutta pallonkäsittelyn kanssa. Sekunteina. Pienempi = parempi.
A7: 5. KEVENNYSHYPPY (CMJ): Kädet lantioilla, esikuormitus 90° polveen, hyppy ylös. Mitataan korkeus senttimetreissä. Suurempi = parempi.
A8: 6. BRONCO / 1200m MAS: Pendelitesti 20m+20m+20m yhteensä 10 kertaa = 1200m. Tulos ilmoitetaan maksimaalisena aerobisena nopeutena (m/s). Suurempi = parempi. Aika muunnetaan m/s:ksi MAS-kaavalla.
A9: 7. PUJOTTELU: Lajitekniikkatesti. Vain T10-T15 / P10-P15 ikäluokille. Sekunteina, pienempi = parempi. Kolmiportainen asteikko (1-3).
A10: 8. SYÖTTÖ: Lajitekniikkatesti. Vain T10-T15 / P10-P15 ikäluokille. Sekunteina. Kolmiportainen asteikko (1-3).
A12: TASOASTEIKKO
A13: Taso 5 = kansainvälinen kärkitaso (paras 10%)
... A20: Eerikkilä Sport & Outdoor Resort / Suomen Palloliitto, Huuhkaja- ja Helmaripolku. Tavoitetasot päivitetty 2024. https://eerikkila.fi/urheilu/testauspalvelut-urheilijoille/jalkapallon-testit-ja-tavoitetasot/
