Workbook

Sheet 📋 Ohjeet
A1: TalentMaster™ — Pelaajapohjan käyttöohje
A3: 🎯 TARKOITUS
A4: Tämä Excel-pohja on TalentMasterin pelaajatietokantaan tuontia varten. Täytä pelaajien tiedot oikealle ikäluokan välilehdelle (U12, U15 tai U19) ja lataa tiedosto järjestelmään.
A6: 📋 VÄLILEHDET
A7: U12 — Syntymävuodet 2014 ja uudemmat (ikä ≤ 12)
A8: U15 — Syntymävuodet 2011–2013 (ikä 13–15)
A9: U19 — Syntymävuodet 2007–2010 (ikä 16–19)
A11: 🔵 PAKOLLISET KENTÄT
A12: PalloID: Palloliiton pelaajatunnus. Löytyy Palloliiton Extranetistä tai pelaajan lisenssiasiakirjasta. Tämä on se avain jolla TalentMaster tunnistaa pelaajan — sama pelaaja voidaan päivittää myöhemmin syöttämällä sama PalloID uudelleen.
A13: Nimi: Sukunimi ja etunimi erillisiin sarakkeisiin.
A14: Syntymäaika: Muodossa PP.KK.VVVV (esim. 15.03.2013).
A15: Sukupuoli: P = Poika, T = Tyttö.
... A49: --- PALLOLIITON YLI-IKÄISYYSSÄÄNNÖN RAJA-ARVOT (ÄLÄ MUOKKAA) ---
A50: 1 | B50: 14.966667 | C50: 13.066667 | D50: Tammikuu
A51: 2 | B51: 14.883333 | C51: 12.983333 | D51: Helmikuu
A52: 3 | B52: 14.8 | C52: 12.9 | D52: Maaliskuu
A53: 4 | B53: 14.716667 | C53: 12.816667 | D53: Huhtikuu
A54: 5 | B54: 14.633333 | C54: 12.733333 | D54: Toukokuu
A55: 6 | B55: 14.55 | C55: 12.65 | D55: Kesäkuu
A56: 7 | B56: 14.466667 | C56: 12.566667 | D56: Heinäkuu
A57: 8 | B57: 14.383333 | C57: 12.483333 | D57: Elokuu
A58: 9 | B58: 14.3 | C58: 12.4 | D58: Syyskuu
A59: 10 | B59: 14.216667 | C59: 12.316667 | D59: Lokakuu
A60: 11 | B60: 14.133333 | C60: 12.233333 | D60: Marraskuu
A61: 12 | B61: 14.05 | C61: 12.15 | D61: Joulukuu

Sheet U12
A1: TalentMaster™ — Pelaajapohja U12
A2: 🔵 Pakollinen kenttä 🟢 Mirwald-mittaus (biologinen ikä) 🟡 Lasketaan automaattisesti — ÄLÄ MUOKKAA 🟣 PHV-ikä & Yli-ikäisyyssääntö (automaattinen) ⬜ Vapaaehtoinen
A3: ⚠️ Älä muuta sarakkeiden järjestystä tai poista otsikkorivejä. Tallenna .xlsx-muodossa ja lataa suoraan TalentMasterin Tuo dataa -välilehdeltä. PalloID on pakollinen — se tunnistaa pelaajan järjestelmässä.
A4: PalloID * | B4: Sukunimi * | C4: Etunimi * | D4: Syntymäaika * | E4: Sukupuoli * | F4: Joukkue * | G4: Pituus (cm) * | H4: Istumapituus (cm) * | I4: Penkin korkeus (cm) | J4: Paino (kg) * | K4: Äidin pituus (cm) | L4: Isän pituus (cm) | M4: Ikä mitt.hetkellä | N4: Maturity Offset | O4: PHV-tila | P4: Laskentapäivä | Q4: Huomio | R4: PHV-ikä (vuotta) | S4: Yli-ikäisyys (Palloliitto)
M5: =IF(D5="","",DATEDIF(D5,TODAY(),"Y")+DATEDIF(D5,TODAY(),"YM")/12) | N5: =IF(OR(E5="",G5="",H5="",J5=""),"",IF(E5="P",-9.236+0.0002708*(H5+I5)*(G5-(H5+I5))-0.001663*(M5*(G5-(H5+I5)))+0.007216*(M5*(H5+I5))+0.02292*(J5/G5*100),-9.376+0.0001882*(H5+I5)*(G5-(H5+I5))+0.0022*(M5*(H5+I5))+0.005841*(M5*(H5+I5))-0.002658*(M5*J5)+0.07693*(J5/G5*100))) | O5: =IF(N5="","Ei tiedossa",IF(N5<-1,"Varhainen",IF(N5<0.5,"PHV-huippu","Post-PHV"))) | P5: =IF(A5="","",TODAY()) | R5: =IF(OR(M5="",N5=""),"",M5-N5) | S5: =IF(OR(R5="",D5="",E5=""),"Ei tietoja",IF(R5>=IF(E5="P",VLOOKUP(MONTH(D5),'📋 Ohjeet'!$A$50:$C$61,2,FALSE()),VLOOKUP(MONTH(D5),'📋 Ohjeet'!$A$50:$C$61,3,FALSE())),"✅ KYLLÄ","❌ EI"))
M6: =IF(D6="","",DATEDIF(D6,TODAY(),"Y")+DATEDIF(D6,TODAY(),"YM")/12) | N6: =IF(OR(E6="",G6="",H6="",J6=""),"",IF(E6="P",-9.236+0.0002708*(H6+I6)*(G6-(H6+I6))-0.001663*(M6*(G6-(H6+I6)))+0.007216*(M6*(H6+I6))+0.02292*(J6/G6*100),-9.376+0.0001882*(H6+I6)*(G6-(H6+I6))+0.0022*(M6*(H6+I6))+0.005841*(M6*(H6+I6))-0.002658*(M6*J6)+0.07693*(J6/G6*100))) | O6: =IF(N6="","Ei tiedossa",IF(N6<-1,"Varhainen",IF(N6<0.5,"PHV-huippu","Post-PHV"))) | P6: =IF(A6="","",TODAY()) | R6: =IF(OR(M6="",N6=""),"",M6-N6) | S6: =IF(OR(R6="",D6="",E6=""),"Ei tietoja",IF(R6>=IF(E6="P",VLOOKUP(MONTH(D6),'📋 Ohjeet'!$A$50:$C$61,2,FALSE()),VLOOKUP(MONTH(D6),'📋 Ohjeet'!$A$50:$C$61,3,FALSE())),"✅ KYLLÄ","❌ EI"))
M7: =IF(D7="","",DATEDIF(D7,TODAY(),"Y")+DATEDIF(D7,TODAY(),"YM")/12) | N7: =IF(OR(E7="",G7="",H7="",J7=""),"",IF(E7="P",-9.236+0.0002708*(H7+I7)*(G7-(H7+I7))-0.001663*(M7*(G7-(H7+I7)))+0.007216*(M7*(H7+I7))+0.02292*(J7/G7*100),-9.376+0.0001882*(H7+I7)*(G7-(H7+I7))+0.0022*(M7*(H7+I7))+0.005841*(M7*(H7+I7))-0.002658*(M7*J7)+0.07693*(J7/G7*100))) | O7: =IF(N7="","Ei tiedossa",IF(N7<-1,"Varhainen",IF(N7<0.5,"PHV-huippu","Post-PHV"))) | P7: =IF(A7="","",TODAY()) | R7: =IF(OR(M7="",N7=""),"",M7-N7) | S7: =IF(OR(R7="",D7="",E7=""),"Ei tietoja",IF(R7>=IF(E7="P",VLOOKUP(MONTH(D7),'📋 Ohjeet'!$A$50:$C$61,2,FALSE()),VLOOKUP(MONTH(D7),'📋 Ohjeet'!$A$50:$C$61,3,FALSE())),"✅ KYLLÄ","❌ EI"))
M8: =IF(D8="","",DATEDIF(D8,TODAY(),"Y")+DATEDIF(D8,TODAY(),"YM")/12) | N8: =IF(OR(E8="",G8="",H8="",J8=""),"",IF(E8="P",-9.236+0.0002708*(H8+I8)*(G8-(H8+I8))-0.001663*(M8*(G8-(H8+I8)))+0.007216*(M8*(H8+I8))+0.02292*(J8/G8*100),-9.376+0.0001882*(H8+I8)*(G8-(H8+I8))+0.0022*(M8*(H8+I8))+0.005841*(M8*(H8+I8))-0.002658*(M8*J8)+0.07693*(J8/G8*100))) | O8: =IF(N8="","Ei tiedossa",IF(N8<-1,"Varhainen",IF(N8<0.5,"PHV-huippu","Post-PHV"))) | P8: =IF(A8="","",TODAY()) | R8: =IF(OR(M8="",N8=""),"",M8-N8) | S8: =IF(OR(R8="",D8="",E8=""),"Ei tietoja",IF(R8>=IF(E8="P",VLOOKUP(MONTH(D8),'📋 Ohjeet'!$A$50:$C$61,2,FALSE()),VLOOKUP(MONTH(D8),'📋 Ohjeet'!$A$50:$C$61,3,FALSE())),"✅ KYLLÄ","❌ EI"))
M9: =IF(D9="","",DATEDIF(D9,TODAY(),"Y")+DATEDIF(D9,TODAY(),"YM")/12) | N9: =IF(OR(E9="",G9="",H9="",J9=""),"",IF(E9="P",-9.236+0.0002708*(H9+I9)*(G9-(H9+I9))-0.001663*(M9*(G9-(H9+I9)))+0.007216*(M9*(H9+I9))+0.02292*(J9/G9*100),-9.376+0.0001882*(H9+I9)*(G9-(H9+I9))+0.0022*(M9*(H9+I9))+0.005841*(M9*(H9+I9))-0.002658*(M9*J9)+0.07693*(J9/G9*100))) | O9: =IF(N9="","Ei tiedossa",IF(N9<-1,"Varhainen",IF(N9<0.5,"PHV-huippu","Post-PHV"))) | P9: =IF(A9="","",TODAY()) | R9: =IF(OR(M9="",N9=""),"",M9-N9) | S9: =IF(OR(R9="",D9="",E9=""),"Ei tietoja",IF(R9>=IF(E9="P",VLOOKUP(MONTH(D9),'📋 Ohjeet'!$A$50:$C$61,2,FALSE()),VLOOKUP(MONTH(D9),'📋 Ohjeet'!$A$50:$C$61,3,FALSE())),"✅ KYLLÄ","❌ EI"))
M10: =IF(D10="","",DATEDIF(D10,TODAY(),"Y")+DATEDIF(D10,TODAY(),"YM")/12) | N10: =IF(OR(E10="",G10="",H10="",J10=""),"",IF(E10="P",-9.236+0.0002708*(H10+I10)*(G10-(H10+I10))-0.001663*(M10*(G10-(H10+I10)))+0.007216*(M10*(H10+I10))+0.02292*(J10/G10*100),-9.376+0.0001882*(H10+I10)*(G10-(H10+I10))+0.0022*(M10*(H10+I10))+0.005841*(M10*(H10+I10))-0.002658*(M10*J10)+0.07693*(J10/G10*100))) | O10: =IF(N10="","Ei tiedossa",IF(N10<-1,"Varhainen",IF(N10<0.5,"PHV-huippu","Post-PHV"))) | P10: =IF(A10="","",TODAY()) | R10: =IF(OR(M10="",N10=""),"",M10-N10) | S10: =IF(OR(R10="",D10="",E10=""),"Ei tietoja",IF(R10>=IF(E10="P",VLOOKUP(MONTH(D10),'📋 Ohjeet'!$A$50:$C$61,2,FALSE()),VLOOKUP(MONTH(D10),'📋 Ohjeet'!$A$50:$C$61,3,FALSE())),"✅ KYLLÄ","❌ EI"))
M11: =IF(D11="","",DATEDIF(D11,TODAY(),"Y")+DATEDIF(D11,TODAY(),"YM")/12) | N11: =IF(OR(E11="",G11="",H11="",J11=""),"",IF(E11="P",-9.236+0.0002708*(H11+I11)*(G11-(H11+I11))-0.001663*(M11*(G11-(H11+I11)))+0.007216*(M11*(H11+I11))+0.02292*(J11/G11*100),-9.376+0.0001882*(H11+I11)*(G11-(H11+I11))+0.0022*(M11*(H11+I11))+0.005841*(M11*(H11+I11))-0.002658*(M11*J11)+0.07693*(J11/G11*100))) | O11: =IF(N11="","Ei tiedossa",IF(N11<-1,"Varhainen",IF(N11<0.5,"PHV-huippu","Post-PHV"))) | P11: =IF(A11="","",TODAY()) | R11: =IF(OR(M11="",N11=""),"",M11-N11) | S11: =IF(OR(R11="",D11="",E11=""),"Ei tietoja",IF(R11>=IF(E11="P",VLOOKUP(MONTH(D11),'📋 Ohjeet'!$A$50:$C$61,2,FALSE()),VLOOKUP(MONTH(D11),'📋 Ohjeet'!$A$50:$C$61,3,FALSE())),"✅ KYLLÄ","❌ EI"))
M12: =IF(D12="","",DATEDIF(D12,TODAY(),"Y")+DATEDIF(D12,TODAY(),"YM")/12) | N12: =IF(OR(E12="",G12="",H12="",J12=""),"",IF(E12="P",-9.236+0.0002708*(H12+I12)*(G12-(H12+I12))-0.001663*(M12*(G12-(H12+I12)))+0.007216*(M12*(H12+I12))+0.02292*(J12/G12*100),-9.376+0.0001882*(H12+I12)*(G12-(H12+I12))+0.0022*(M12*(H12+I12))+0.005841*(M12*(H12+I12))-0.002658*(M12*J12)+0.07693*(J12/G12*100))) | O12: =IF(N12="","Ei tiedossa",IF(N12<-1,"Varhainen",IF(N12<0.5,"PHV-huippu","Post-PHV"))) | P12: =IF(A12="","",TODAY()) | R12: =IF(OR(M12="",N12=""),"",M12-N12) | S12: =IF(OR(R12="",D12="",E12=""),"Ei tietoja",IF(R12>=IF(E12="P",VLOOKUP(MONTH(D12),'📋 Ohjeet'!$A$50:$C$61,2,FALSE()),VLOOKUP(MONTH(D12),'📋 Ohjeet'!$A$50:$C$61,3,FALSE())),"✅ KYLLÄ","❌ EI"))
M13: =IF(D13="","",DATEDIF(D13,TODAY(),"Y")+DATEDIF(D13,TODAY(),"YM")/12) | N13: =IF(OR(E13="",G13="",H13="",J13=""),"",IF(E13="P",-9.236+0.0002708*(H13+I13)*(G13-(H13+I13))-0.001663*(M13*(G13-(H13+I13)))+0.007216*(M13*(H13+I13))+0.02292*(J13/G13*100),-9.376+0.0001882*(H13+I13)*(G13-(H13+I13))+0.0022*(M13*(H13+I13))+0.005841*(M13*(H13+I13))-0.002658*(M13*J13)+0.07693*(J13/G13*100))) | O13: =IF(N13="","Ei tiedossa",IF(N13<-1,"Varhainen",IF(N13<0.5,"PHV-huippu","Post-PHV"))) | P13: =IF(A13="","",TODAY()) | R13: =IF(OR(M13="",N13=""),"",M13-N13) | S13: =IF(OR(R13="",D13="",E13=""),"Ei tietoja",IF(R13>=IF(E13="P",VLOOKUP(MONTH(D13),'📋 Ohjeet'!$A$50:$C$61,2,FALSE()),VLOOKUP(MONTH(D13),'📋 Ohjeet'!$A$50:$C$61,3,FALSE())),"✅ KYLLÄ","❌ EI"))
M14: =IF(D14="","",DATEDIF(D14,TODAY(),"Y")+DATEDIF(D14,TODAY(),"YM")/12) | N14: =IF(OR(E14="",G14="",H14="",J14=""),"",IF(E14="P",-9.236+0.0002708*(H14+I14)*(G14-(H14+I14))-0.001663*(M14*(G14-(H14+I14)))+0.007216*(M14*(H14+I14))+0.02292*(J14/G14*100),-9.376+0.0001882*(H14+I14)*(G14-(H14+I14))+0.0022*(M14*(H14+I14))+0.005841*(M14*(H14+I14))-0.002658*(M14*J14)+0.07693*(J14/G14*100))) | O14: =IF(N14="","Ei tiedossa",IF(N14<-1,"Varhainen",IF(N14<0.5,"PHV-huippu","Post-PHV"))) | P14: =IF(A14="","",TODAY()) | R14: =IF(OR(M14="",N14=""),"",M14-N14) | S14: =IF(OR(R14="",D14="",E14=""),"Ei tietoja",IF(R14>=IF(E14="P",VLOOKUP(MONTH(D14),'📋 Ohjeet'!$A$50:$C$61,2,FALSE()),VLOOKUP(MONTH(D14),'📋 Ohjeet'!$A$50:$C$61,3,FALSE())),"✅ KYLLÄ","❌ EI"))
M15: =IF(D15="","",DATEDIF(D15,TODAY(),"Y")+DATEDIF(D15,TODAY(),"YM")/12) | N15: =IF(OR(E15="",G15="",H15="",J15=""),"",IF(E15="P",-9.236+0.0002708*(H15+I15)*(G15-(H15+I15))-0.001663*(M15*(G15-(H15+I15)))+0.007216*(M15*(H15+I15))+0.02292*(J15/G15*100),-9.376+0.0001882*(H15+I15)*(G15-(H15+I15))+0.0022*(M15*(H15+I15))+0.005841*(M15*(H15+I15))-0.002658*(M15*J15)+0.07693*(J15/G15*100))) | O15: =IF(N15="","Ei tiedossa",IF(N15<-1,"Varhainen",IF(N15<0.5,"PHV-huippu","Post-PHV"))) | P15: =IF(A15="","",TODAY()) | R15: =IF(OR(M15="",N15=""),"",M15-N15) | S15: =IF(OR(R15="",D15="",E15=""),"Ei tietoja",IF(R15>=IF(E15="P",VLOOKUP(MONTH(D15),'📋 Ohjeet'!$A$50:$C$61,2,FALSE()),VLOOKUP(MONTH(D15),'📋 Ohjeet'!$A$50:$C$61,3,FALSE())),"✅ KYLLÄ","❌ EI"))
M16: =IF(D16="","",DATEDIF(D16,TODAY(),"Y")+DATEDIF(D16,TODAY(),"YM")/12) | N16: =IF(OR(E16="",G16="",H16="",J16=""),"",IF(E16="P",-9.236+0.0002708*(H16+I16)*(G16-(H16+I16))-0.001663*(M16*(G16-(H16+I16)))+0.007216*(M16*(H16+I16))+0.02292*(J16/G16*100),-9.376+0.0001882*(H16+I16)*(G16-(H16+I16))+0.0022*(M16*(H16+I16))+0.005841*(M16*(H16+I16))-0.002658*(M16*J16)+0.07693*(J16/G16*100))) | O16: =IF(N16="","Ei tiedossa",IF(N16<-1,"Varhainen",IF(N16<0.5,"PHV-huippu","Post-PHV"))) | P16: =IF(A16="","",TODAY()) | R16: =IF(OR(M16="",N16=""),"",M16-N16) | S16: =IF(OR(R16="",D16="",E16=""),"Ei tietoja",IF(R16>=IF(E16="P",VLOOKUP(MONTH(D16),'📋 Ohjeet'!$A$50:$C$61,2,FALSE()),VLOOKUP(MONTH(D16),'📋 Ohjeet'!$A$50:$C$61,3,FALSE())),"✅ KYLLÄ","❌ EI"))
... M54: =IF(D54="","",DATEDIF(D54,TODAY(),"Y")+DATEDIF(D54,TODAY(),"YM")/12) | N54: =IF(OR(E54="",G54="",H54="",J54=""),"",IF(E54="P",-9.236+0.0002708*(H54+I54)*(G54-(H54+I54))-0.001663*(M54*(G54-(H54+I54)))+0.007216*(M54*(H54+I54))+0.02292*(J54/G54*100),-9.376+0.0001882*(H54+I54)*(G54-(H54+I54))+0.0022*(M54*(H54+I54))+0.005841*(M54*(H54+I54))-0.002658*(M54*J54)+0.07693*(J54/G54*100))) | O54: =IF(N54="","Ei tiedossa",IF(N54<-1,"Varhainen",IF(N54<0.5,"PHV-huippu","Post-PHV"))) | P54: =IF(A54="","",TODAY()) | R54: =IF(OR(M54="",N54=""),"",M54-N54) | S54: =IF(OR(R54="",D54="",E54=""),"Ei tietoja",IF(R54>=IF(E54="P",VLOOKUP(MONTH(D54),'📋 Ohjeet'!$A$50:$C$61,2,FALSE()),VLOOKUP(MONTH(D54),'📋 Ohjeet'!$A$50:$C$61,3,FALSE())),"✅ KYLLÄ","❌ EI"))

Sheet U15
A1: TalentMaster™ — Pelaajapohja U15
A2: 🔵 Pakollinen kenttä 🟢 Mirwald-mittaus (biologinen ikä) 🟡 Lasketaan automaattisesti — ÄLÄ MUOKKAA 🟣 PHV-ikä & Yli-ikäisyyssääntö (automaattinen) ⬜ Vapaaehtoinen
A3: ⚠️ Älä muuta sarakkeiden järjestystä tai poista otsikkorivejä. Tallenna .xlsx-muodossa ja lataa suoraan TalentMasterin Tuo dataa -välilehdeltä. PalloID on pakollinen — se tunnistaa pelaajan järjestelmässä.
A4: PalloID * | B4: Sukunimi * | C4: Etunimi * | D4: Syntymäaika * | E4: Sukupuoli * | F4: Joukkue * | G4: Pituus (cm) * | H4: Istumapituus (cm) * | I4: Penkin korkeus (cm) | J4: Paino (kg) * | K4: Äidin pituus (cm) | L4: Isän pituus (cm) | M4: Ikä mitt.hetkellä | N4: Maturity Offset | O4: PHV-tila | P4: Laskentapäivä | Q4: Huomio | R4: PHV-ikä (vuotta) | S4: Yli-ikäisyys (Palloliitto)
M5: =IF(D5="","",DATEDIF(D5,TODAY(),"Y")+DATEDIF(D5,TODAY(),"YM")/12) | N5: =IF(OR(E5="",G5="",H5="",J5=""),"",IF(E5="P",-9.236+0.0002708*(H5+I5)*(G5-(H5+I5))-0.001663*(M5*(G5-(H5+I5)))+0.007216*(M5*(H5+I5))+0.02292*(J5/G5*100),-9.376+0.0001882*(H5+I5)*(G5-(H5+I5))+0.0022*(M5*(H5+I5))+0.005841*(M5*(H5+I5))-0.002658*(M5*J5)+0.07693*(J5/G5*100))) | O5: =IF(N5="","Ei tiedossa",IF(N5<-1,"Varhainen",IF(N5<0.5,"PHV-huippu","Post-PHV"))) | P5: =IF(A5="","",TODAY()) | R5: =IF(OR(M5="",N5=""),"",M5-N5) | S5: =IF(OR(R5="",D5="",E5=""),"Ei tietoja",IF(R5>=IF(E5="P",VLOOKUP(MONTH(D5),'📋 Ohjeet'!$A$50:$C$61,2,FALSE()),VLOOKUP(MONTH(D5),'📋 Ohjeet'!$A$50:$C$61,3,FALSE())),"✅ KYLLÄ","❌ EI"))
M6: =IF(D6="","",DATEDIF(D6,TODAY(),"Y")+DATEDIF(D6,TODAY(),"YM")/12) | N6: =IF(OR(E6="",G6="",H6="",J6=""),"",IF(E6="P",-9.236+0.0002708*(H6+I6)*(G6-(H6+I6))-0.001663*(M6*(G6-(H6+I6)))+0.007216*(M6*(H6+I6))+0.02292*(J6/G6*100),-9.376+0.0001882*(H6+I6)*(G6-(H6+I6))+0.0022*(M6*(H6+I6))+0.005841*(M6*(H6+I6))-0.002658*(M6*J6)+0.07693*(J6/G6*100))) | O6: =IF(N6="","Ei tiedossa",IF(N6<-1,"Varhainen",IF(N6<0.5,"PHV-huippu","Post-PHV"))) | P6: =IF(A6="","",TODAY()) | R6: =IF(OR(M6="",N6=""),"",M6-N6) | S6: =IF(OR(R6="",D6="",E6=""),"Ei tietoja",IF(R6>=IF(E6="P",VLOOKUP(MONTH(D6),'📋 Ohjeet'!$A$50:$C$61,2,FALSE()),VLOOKUP(MONTH(D6),'📋 Ohjeet'!$A$50:$C$61,3,FALSE())),"✅ KYLLÄ","❌ EI"))
M7: =IF(D7="","",DATEDIF(D7,TODAY(),"Y")+DATEDIF(D7,TODAY(),"YM")/12) | N7: =IF(OR(E7="",G7="",H7="",J7=""),"",IF(E7="P",-9.236+0.0002708*(H7+I7)*(G7-(H7+I7))-0.001663*(M7*(G7-(H7+I7)))+0.007216*(M7*(H7+I7))+0.02292*(J7/G7*100),-9.376+0.0001882*(H7+I7)*(G7-(H7+I7))+0.0022*(M7*(H7+I7))+0.005841*(M7*(H7+I7))-0.002658*(M7*J7)+0.07693*(J7/G7*100))) | O7: =IF(N7="","Ei tiedossa",IF(N7<-1,"Varhainen",IF(N7<0.5,"PHV-huippu","Post-PHV"))) | P7: =IF(A7="","",TODAY()) | R7: =IF(OR(M7="",N7=""),"",M7-N7) | S7: =IF(OR(R7="",D7="",E7=""),"Ei tietoja",IF(R7>=IF(E7="P",VLOOKUP(MONTH(D7),'📋 Ohjeet'!$A$50:$C$61,2,FALSE()),VLOOKUP(MONTH(D7),'📋 Ohjeet'!$A$50:$C$61,3,FALSE())),"✅ KYLLÄ","❌ EI"))
M8: =IF(D8="","",DATEDIF(D8,TODAY(),"Y")+DATEDIF(D8,TODAY(),"YM")/12) | N8: =IF(OR(E8="",G8="",H8="",J8=""),"",IF(E8="P",-9.236+0.0002708*(H8+I8)*(G8-(H8+I8))-0.001663*(M8*(G8-(H8+I8)))+0.007216*(M8*(H8+I8))+0.02292*(J8/G8*100),-9.376+0.0001882*(H8+I8)*(G8-(H8+I8))+0.0022*(M8*(H8+I8))+0.005841*(M8*(H8+I8))-0.002658*(M8*J8)+0.07693*(J8/G8*100))) | O8: =IF(N8="","Ei tiedossa",IF(N8<-1,"Varhainen",IF(N8<0.5,"PHV-huippu","Post-PHV"))) | P8: =IF(A8="","",TODAY()) | R8: =IF(OR(M8="",N8=""),"",M8-N8) | S8: =IF(OR(R8="",D8="",E8=""),"Ei tietoja",IF(R8>=IF(E8="P",VLOOKUP(MONTH(D8),'📋 Ohjeet'!$A$50:$C$61,2,FALSE()),VLOOKUP(MONTH(D8),'📋 Ohjeet'!$A$50:$C$61,3,FALSE())),"✅ KYLLÄ","❌ EI"))
M9: =IF(D9="","",DATEDIF(D9,TODAY(),"Y")+DATEDIF(D9,TODAY(),"YM")/12) | N9: =IF(OR(E9="",G9="",H9="",J9=""),"",IF(E9="P",-9.236+0.0002708*(H9+I9)*(G9-(H9+I9))-0.001663*(M9*(G9-(H9+I9)))+0.007216*(M9*(H9+I9))+0.02292*(J9/G9*100),-9.376+0.0001882*(H9+I9)*(G9-(H9+I9))+0.0022*(M9*(H9+I9))+0.005841*(M9*(H9+I9))-0.002658*(M9*J9)+0.07693*(J9/G9*100))) | O9: =IF(N9="","Ei tiedossa",IF(N9<-1,"Varhainen",IF(N9<0.5,"PHV-huippu","Post-PHV"))) | P9: =IF(A9="","",TODAY()) | R9: =IF(OR(M9="",N9=""),"",M9-N9) | S9: =IF(OR(R9="",D9="",E9=""),"Ei tietoja",IF(R9>=IF(E9="P",VLOOKUP(MONTH(D9),'📋 Ohjeet'!$A$50:$C$61,2,FALSE()),VLOOKUP(MONTH(D9),'📋 Ohjeet'!$A$50:$C$61,3,FALSE())),"✅ KYLLÄ","❌ EI"))
M10: =IF(D10="","",DATEDIF(D10,TODAY(),"Y")+DATEDIF(D10,TODAY(),"YM")/12) | N10: =IF(OR(E10="",G10="",H10="",J10=""),"",IF(E10="P",-9.236+0.0002708*(H10+I10)*(G10-(H10+I10))-0.001663*(M10*(G10-(H10+I10)))+0.007216*(M10*(H10+I10))+0.02292*(J10/G10*100),-9.376+0.0001882*(H10+I10)*(G10-(H10+I10))+0.0022*(M10*(H10+I10))+0.005841*(M10*(H10+I10))-0.002658*(M10*J10)+0.07693*(J10/G10*100))) | O10: =IF(N10="","Ei tiedossa",IF(N10<-1,"Varhainen",IF(N10<0.5,"PHV-huippu","Post-PHV"))) | P10: =IF(A10="","",TODAY()) | R10: =IF(OR(M10="",N10=""),"",M10-N10) | S10: =IF(OR(R10="",D10="",E10=""),"Ei tietoja",IF(R10>=IF(E10="P",VLOOKUP(MONTH(D10),'📋 Ohjeet'!$A$50:$C$61,2,FALSE()),VLOOKUP(MONTH(D10),'📋 Ohjeet'!$A$50:$C$61,3,FALSE())),"✅ KYLLÄ","❌ EI"))
M11: =IF(D11="","",DATEDIF(D11,TODAY(),"Y")+DATEDIF(D11,TODAY(),"YM")/12) | N11: =IF(OR(E11="",G11="",H11="",J11=""),"",IF(E11="P",-9.236+0.0002708*(H11+I11)*(G11-(H11+I11))-0.001663*(M11*(G11-(H11+I11)))+0.007216*(M11*(H11+I11))+0.02292*(J11/G11*100),-9.376+0.0001882*(H11+I11)*(G11-(H11+I11))+0.0022*(M11*(H11+I11))+0.005841*(M11*(H11+I11))-0.002658*(M11*J11)+0.07693*(J11/G11*100))) | O11: =IF(N11="","Ei tiedossa",IF(N11<-1,"Varhainen",IF(N11<0.5,"PHV-huippu","Post-PHV"))) | P11: =IF(A11="","",TODAY()) | R11: =IF(OR(M11="",N11=""),"",M11-N11) | S11: =IF(OR(R11="",D11="",E11=""),"Ei tietoja",IF(R11>=IF(E11="P",VLOOKUP(MONTH(D11),'📋 Ohjeet'!$A$50:$C$61,2,FALSE()),VLOOKUP(MONTH(D11),'📋 Ohjeet'!$A$50:$C$61,3,FALSE())),"✅ KYLLÄ","❌ EI"))
M12: =IF(D12="","",DATEDIF(D12,TODAY(),"Y")+DATEDIF(D12,TODAY(),"YM")/12) | N12: =IF(OR(E12="",G12="",H12="",J12=""),"",IF(E12="P",-9.236+0.0002708*(H12+I12)*(G12-(H12+I12))-0.001663*(M12*(G12-(H12+I12)))+0.007216*(M12*(H12+I12))+0.02292*(J12/G12*100),-9.376+0.0001882*(H12+I12)*(G12-(H12+I12))+0.0022*(M12*(H12+I12))+0.005841*(M12*(H12+I12))-0.002658*(M12*J12)+0.07693*(J12/G12*100))) | O12: =IF(N12="","Ei tiedossa",IF(N12<-1,"Varhainen",IF(N12<0.5,"PHV-huippu","Post-PHV"))) | P12: =IF(A12="","",TODAY()) | R12: =IF(OR(M12="",N12=""),"",M12-N12) | S12: =IF(OR(R12="",D12="",E12=""),"Ei tietoja",IF(R12>=IF(E12="P",VLOOKUP(MONTH(D12),'📋 Ohjeet'!$A$50:$C$61,2,FALSE()),VLOOKUP(MONTH(D12),'📋 Ohjeet'!$A$50:$C$61,3,FALSE())),"✅ KYLLÄ","❌ EI"))
M13: =IF(D13="","",DATEDIF(D13,TODAY(),"Y")+DATEDIF(D13,TODAY(),"YM")/12) | N13: =IF(OR(E13="",G13="",H13="",J13=""),"",IF(E13="P",-9.236+0.0002708*(H13+I13)*(G13-(H13+I13))-0.001663*(M13*(G13-(H13+I13)))+0.007216*(M13*(H13+I13))+0.02292*(J13/G13*100),-9.376+0.0001882*(H13+I13)*(G13-(H13+I13))+0.0022*(M13*(H13+I13))+0.005841*(M13*(H13+I13))-0.002658*(M13*J13)+0.07693*(J13/G13*100))) | O13: =IF(N13="","Ei tiedossa",IF(N13<-1,"Varhainen",IF(N13<0.5,"PHV-huippu","Post-PHV"))) | P13: =IF(A13="","",TODAY()) | R13: =IF(OR(M13="",N13=""),"",M13-N13) | S13: =IF(OR(R13="",D13="",E13=""),"Ei tietoja",IF(R13>=IF(E13="P",VLOOKUP(MONTH(D13),'📋 Ohjeet'!$A$50:$C$61,2,FALSE()),VLOOKUP(MONTH(D13),'📋 Ohjeet'!$A$50:$C$61,3,FALSE())),"✅ KYLLÄ","❌ EI"))
M14: =IF(D14="","",DATEDIF(D14,TODAY(),"Y")+DATEDIF(D14,TODAY(),"YM")/12) | N14: =IF(OR(E14="",G14="",H14="",J14=""),"",IF(E14="P",-9.236+0.0002708*(H14+I14)*(G14-(H14+I14))-0.001663*(M14*(G14-(H14+I14)))+0.007216*(M14*(H14+I14))+0.02292*(J14/G14*100),-9.376+0.0001882*(H14+I14)*(G14-(H14+I14))+0.0022*(M14*(H14+I14))+0.005841*(M14*(H14+I14))-0.002658*(M14*J14)+0.07693*(J14/G14*100))) | O14: =IF(N14="","Ei tiedossa",IF(N14<-1,"Varhainen",IF(N14<0.5,"PHV-huippu","Post-PHV"))) | P14: =IF(A14="","",TODAY()) | R14: =IF(OR(M14="",N14=""),"",M14-N14) | S14: =IF(OR(R14="",D14="",E14=""),"Ei tietoja",IF(R14>=IF(E14="P",VLOOKUP(MONTH(D14),'📋 Ohjeet'!$A$50:$C$61,2,FALSE()),VLOOKUP(MONTH(D14),'📋 Ohjeet'!$A$50:$C$61,3,FALSE())),"✅ KYLLÄ","❌ EI"))
M15: =IF(D15="","",DATEDIF(D15,TODAY(),"Y")+DATEDIF(D15,TODAY(),"YM")/12) | N15: =IF(OR(E15="",G15="",H15="",J15=""),"",IF(E15="P",-9.236+0.0002708*(H15+I15)*(G15-(H15+I15))-0.001663*(M15*(G15-(H15+I15)))+0.007216*(M15*(H15+I15))+0.02292*(J15/G15*100),-9.376+0.0001882*(H15+I15)*(G15-(H15+I15))+0.0022*(M15*(H15+I15))+0.005841*(M15*(H15+I15))-0.002658*(M15*J15)+0.07693*(J15/G15*100))) | O15: =IF(N15="","Ei tiedossa",IF(N15<-1,"Varhainen",IF(N15<0.5,"PHV-huippu","Post-PHV"))) | P15: =IF(A15="","",TODAY()) | R15: =IF(OR(M15="",N15=""),"",M15-N15) | S15: =IF(OR(R15="",D15="",E15=""),"Ei tietoja",IF(R15>=IF(E15="P",VLOOKUP(MONTH(D15),'📋 Ohjeet'!$A$50:$C$61,2,FALSE()),VLOOKUP(MONTH(D15),'📋 Ohjeet'!$A$50:$C$61,3,FALSE())),"✅ KYLLÄ","❌ EI"))
M16: =IF(D16="","",DATEDIF(D16,TODAY(),"Y")+DATEDIF(D16,TODAY(),"YM")/12) | N16: =IF(OR(E16="",G16="",H16="",J16=""),"",IF(E16="P",-9.236+0.0002708*(H16+I16)*(G16-(H16+I16))-0.001663*(M16*(G16-(H16+I16)))+0.007216*(M16*(H16+I16))+0.02292*(J16/G16*100),-9.376+0.0001882*(H16+I16)*(G16-(H16+I16))+0.0022*(M16*(H16+I16))+0.005841*(M16*(H16+I16))-0.002658*(M16*J16)+0.07693*(J16/G16*100))) | O16: =IF(N16="","Ei tiedossa",IF(N16<-1,"Varhainen",IF(N16<0.5,"PHV-huippu","Post-PHV"))) | P16: =IF(A16="","",TODAY()) | R16: =IF(OR(M16="",N16=""),"",M16-N16) | S16: =IF(OR(R16="",D16="",E16=""),"Ei tietoja",IF(R16>=IF(E16="P",VLOOKUP(MONTH(D16),'📋 Ohjeet'!$A$50:$C$61,2,FALSE()),VLOOKUP(MONTH(D16),'📋 Ohjeet'!$A$50:$C$61,3,FALSE())),"✅ KYLLÄ","❌ EI"))
... M54: =IF(D54="","",DATEDIF(D54,TODAY(),"Y")+DATEDIF(D54,TODAY(),"YM")/12) | N54: =IF(OR(E54="",G54="",H54="",J54=""),"",IF(E54="P",-9.236+0.0002708*(H54+I54)*(G54-(H54+I54))-0.001663*(M54*(G54-(H54+I54)))+0.007216*(M54*(H54+I54))+0.02292*(J54/G54*100),-9.376+0.0001882*(H54+I54)*(G54-(H54+I54))+0.0022*(M54*(H54+I54))+0.005841*(M54*(H54+I54))-0.002658*(M54*J54)+0.07693*(J54/G54*100))) | O54: =IF(N54="","Ei tiedossa",IF(N54<-1,"Varhainen",IF(N54<0.5,"PHV-huippu","Post-PHV"))) | P54: =IF(A54="","",TODAY()) | R54: =IF(OR(M54="",N54=""),"",M54-N54) | S54: =IF(OR(R54="",D54="",E54=""),"Ei tietoja",IF(R54>=IF(E54="P",VLOOKUP(MONTH(D54),'📋 Ohjeet'!$A$50:$C$61,2,FALSE()),VLOOKUP(MONTH(D54),'📋 Ohjeet'!$A$50:$C$61,3,FALSE())),"✅ KYLLÄ","❌ EI"))

Sheet U19
A1: TalentMaster™ — Pelaajapohja U19
A2: 🔵 Pakollinen kenttä 🟢 Mirwald-mittaus (biologinen ikä) 🟡 Lasketaan automaattisesti — ÄLÄ MUOKKAA 🟣 PHV-ikä & Yli-ikäisyyssääntö (automaattinen) ⬜ Vapaaehtoinen
A3: ⚠️ Älä muuta sarakkeiden järjestystä tai poista otsikkorivejä. Tallenna .xlsx-muodossa ja lataa suoraan TalentMasterin Tuo dataa -välilehdeltä. PalloID on pakollinen — se tunnistaa pelaajan järjestelmässä.
A4: PalloID * | B4: Sukunimi * | C4: Etunimi * | D4: Syntymäaika * | E4: Sukupuoli * | F4: Joukkue * | G4: Pituus (cm) * | H4: Istumapituus (cm) * | I4: Penkin korkeus (cm) | J4: Paino (kg) * | K4: Äidin pituus (cm) | L4: Isän pituus (cm) | M4: Ikä mitt.hetkellä | N4: Maturity Offset | O4: PHV-tila | P4: Laskentapäivä | Q4: Huomio | R4: PHV-ikä (vuotta) | S4: Yli-ikäisyys (Palloliitto)
M5: =IF(D5="","",DATEDIF(D5,TODAY(),"Y")+DATEDIF(D5,TODAY(),"YM")/12) | N5: =IF(OR(E5="",G5="",H5="",J5=""),"",IF(E5="P",-9.236+0.0002708*(H5+I5)*(G5-(H5+I5))-0.001663*(M5*(G5-(H5+I5)))+0.007216*(M5*(H5+I5))+0.02292*(J5/G5*100),-9.376+0.0001882*(H5+I5)*(G5-(H5+I5))+0.0022*(M5*(H5+I5))+0.005841*(M5*(H5+I5))-0.002658*(M5*J5)+0.07693*(J5/G5*100))) | O5: =IF(N5="","Ei tiedossa",IF(N5<-1,"Varhainen",IF(N5<0.5,"PHV-huippu","Post-PHV"))) | P5: =IF(A5="","",TODAY()) | R5: =IF(OR(M5="",N5=""),"",M5-N5) | S5: =IF(OR(R5="",D5="",E5=""),"Ei tietoja",IF(R5>=IF(E5="P",VLOOKUP(MONTH(D5),'📋 Ohjeet'!$A$50:$C$61,2,FALSE()),VLOOKUP(MONTH(D5),'📋 Ohjeet'!$A$50:$C$61,3,FALSE())),"✅ KYLLÄ","❌ EI"))
M6: =IF(D6="","",DATEDIF(D6,TODAY(),"Y")+DATEDIF(D6,TODAY(),"YM")/12) | N6: =IF(OR(E6="",G6="",H6="",J6=""),"",IF(E6="P",-9.236+0.0002708*(H6+I6)*(G6-(H6+I6))-0.001663*(M6*(G6-(H6+I6)))+0.007216*(M6*(H6+I6))+0.02292*(J6/G6*100),-9.376+0.0001882*(H6+I6)*(G6-(H6+I6))+0.0022*(M6*(H6+I6))+0.005841*(M6*(H6+I6))-0.002658*(M6*J6)+0.07693*(J6/G6*100))) | O6: =IF(N6="","Ei tiedossa",IF(N6<-1,"Varhainen",IF(N6<0.5,"PHV-huippu","Post-PHV"))) | P6: =IF(A6="","",TODAY()) | R6: =IF(OR(M6="",N6=""),"",M6-N6) | S6: =IF(OR(R6="",D6="",E6=""),"Ei tietoja",IF(R6>=IF(E6="P",VLOOKUP(MONTH(D6),'📋 Ohjeet'!$A$50:$C$61,2,FALSE()),VLOOKUP(MONTH(D6),'📋 Ohjeet'!$A$50:$C$61,3,FALSE())),"✅ KYLLÄ","❌ EI"))
M7: =IF(D7="","",DATEDIF(D7,TODAY(),"Y")+DATEDIF(D7,TODAY(),"YM")/12) | N7: =IF(OR(E7="",G7="",H7="",J7=""),"",IF(E7="P",-9.236+0.0002708*(H7+I7)*(G7-(H7+I7))-0.001663*(M7*(G7-(H7+I7)))+0.007216*(M7*(H7+I7))+0.02292*(J7/G7*100),-9.376+0.0001882*(H7+I7)*(G7-(H7+I7))+0.0022*(M7*(H7+I7))+0.005841*(M7*(H7+I7))-0.002658*(M7*J7)+0.07693*(J7/G7*100))) | O7: =IF(N7="","Ei tiedossa",IF(N7<-1,"Varhainen",IF(N7<0.5,"PHV-huippu","Post-PHV"))) | P7: =IF(A7="","",TODAY()) | R7: =IF(OR(M7="",N7=""),"",M7-N7) | S7: =IF(OR(R7="",D7="",E7=""),"Ei tietoja",IF(R7>=IF(E7="P",VLOOKUP(MONTH(D7),'📋 Ohjeet'!$A$50:$C$61,2,FALSE()),VLOOKUP(MONTH(D7),'📋 Ohjeet'!$A$50:$C$61,3,FALSE())),"✅ KYLLÄ","❌ EI"))
M8: =IF(D8="","",DATEDIF(D8,TODAY(),"Y")+DATEDIF(D8,TODAY(),"YM")/12) | N8: =IF(OR(E8="",G8="",H8="",J8=""),"",IF(E8="P",-9.236+0.0002708*(H8+I8)*(G8-(H8+I8))-0.001663*(M8*(G8-(H8+I8)))+0.007216*(M8*(H8+I8))+0.02292*(J8/G8*100),-9.376+0.0001882*(H8+I8)*(G8-(H8+I8))+0.0022*(M8*(H8+I8))+0.005841*(M8*(H8+I8))-0.002658*(M8*J8)+0.07693*(J8/G8*100))) | O8: =IF(N8="","Ei tiedossa",IF(N8<-1,"Varhainen",IF(N8<0.5,"PHV-huippu","Post-PHV"))) | P8: =IF(A8="","",TODAY()) | R8: =IF(OR(M8="",N8=""),"",M8-N8) | S8: =IF(OR(R8="",D8="",E8=""),"Ei tietoja",IF(R8>=IF(E8="P",VLOOKUP(MONTH(D8),'📋 Ohjeet'!$A$50:$C$61,2,FALSE()),VLOOKUP(MONTH(D8),'📋 Ohjeet'!$A$50:$C$61,3,FALSE())),"✅ KYLLÄ","❌ EI"))
M9: =IF(D9="","",DATEDIF(D9,TODAY(),"Y")+DATEDIF(D9,TODAY(),"YM")/12) | N9: =IF(OR(E9="",G9="",H9="",J9=""),"",IF(E9="P",-9.236+0.0002708*(H9+I9)*(G9-(H9+I9))-0.001663*(M9*(G9-(H9+I9)))+0.007216*(M9*(H9+I9))+0.02292*(J9/G9*100),-9.376+0.0001882*(H9+I9)*(G9-(H9+I9))+0.0022*(M9*(H9+I9))+0.005841*(M9*(H9+I9))-0.002658*(M9*J9)+0.07693*(J9/G9*100))) | O9: =IF(N9="","Ei tiedossa",IF(N9<-1,"Varhainen",IF(N9<0.5,"PHV-huippu","Post-PHV"))) | P9: =IF(A9="","",TODAY()) | R9: =IF(OR(M9="",N9=""),"",M9-N9) | S9: =IF(OR(R9="",D9="",E9=""),"Ei tietoja",IF(R9>=IF(E9="P",VLOOKUP(MONTH(D9),'📋 Ohjeet'!$A$50:$C$61,2,FALSE()),VLOOKUP(MONTH(D9),'📋 Ohjeet'!$A$50:$C$61,3,FALSE())),"✅ KYLLÄ","❌ EI"))
M10: =IF(D10="","",DATEDIF(D10,TODAY(),"Y")+DATEDIF(D10,TODAY(),"YM")/12) | N10: =IF(OR(E10="",G10="",H10="",J10=""),"",IF(E10="P",-9.236+0.0002708*(H10+I10)*(G10-(H10+I10))-0.001663*(M10*(G10-(H10+I10)))+0.007216*(M10*(H10+I10))+0.02292*(J10/G10*100),-9.376+0.0001882*(H10+I10)*(G10-(H10+I10))+0.0022*(M10*(H10+I10))+0.005841*(M10*(H10+I10))-0.002658*(M10*J10)+0.07693*(J10/G10*100))) | O10: =IF(N10="","Ei tiedossa",IF(N10<-1,"Varhainen",IF(N10<0.5,"PHV-huippu","Post-PHV"))) | P10: =IF(A10="","",TODAY()) | R10: =IF(OR(M10="",N10=""),"",M10-N10) | S10: =IF(OR(R10="",D10="",E10=""),"Ei tietoja",IF(R10>=IF(E10="P",VLOOKUP(MONTH(D10),'📋 Ohjeet'!$A$50:$C$61,2,FALSE()),VLOOKUP(MONTH(D10),'📋 Ohjeet'!$A$50:$C$61,3,FALSE())),"✅ KYLLÄ","❌ EI"))
M11: =IF(D11="","",DATEDIF(D11,TODAY(),"Y")+DATEDIF(D11,TODAY(),"YM")/12) | N11: =IF(OR(E11="",G11="",H11="",J11=""),"",IF(E11="P",-9.236+0.0002708*(H11+I11)*(G11-(H11+I11))-0.001663*(M11*(G11-(H11+I11)))+0.007216*(M11*(H11+I11))+0.02292*(J11/G11*100),-9.376+0.0001882*(H11+I11)*(G11-(H11+I11))+0.0022*(M11*(H11+I11))+0.005841*(M11*(H11+I11))-0.002658*(M11*J11)+0.07693*(J11/G11*100))) | O11: =IF(N11="","Ei tiedossa",IF(N11<-1,"Varhainen",IF(N11<0.5,"PHV-huippu","Post-PHV"))) | P11: =IF(A11="","",TODAY()) | R11: =IF(OR(M11="",N11=""),"",M11-N11) | S11: =IF(OR(R11="",D11="",E11=""),"Ei tietoja",IF(R11>=IF(E11="P",VLOOKUP(MONTH(D11),'📋 Ohjeet'!$A$50:$C$61,2,FALSE()),VLOOKUP(MONTH(D11),'📋 Ohjeet'!$A$50:$C$61,3,FALSE())),"✅ KYLLÄ","❌ EI"))
M12: =IF(D12="","",DATEDIF(D12,TODAY(),"Y")+DATEDIF(D12,TODAY(),"YM")/12) | N12: =IF(OR(E12="",G12="",H12="",J12=""),"",IF(E12="P",-9.236+0.0002708*(H12+I12)*(G12-(H12+I12))-0.001663*(M12*(G12-(H12+I12)))+0.007216*(M12*(H12+I12))+0.02292*(J12/G12*100),-9.376+0.0001882*(H12+I12)*(G12-(H12+I12))+0.0022*(M12*(H12+I12))+0.005841*(M12*(H12+I12))-0.002658*(M12*J12)+0.07693*(J12/G12*100))) | O12: =IF(N12="","Ei tiedossa",IF(N12<-1,"Varhainen",IF(N12<0.5,"PHV-huippu","Post-PHV"))) | P12: =IF(A12="","",TODAY()) | R12: =IF(OR(M12="",N12=""),"",M12-N12) | S12: =IF(OR(R12="",D12="",E12=""),"Ei tietoja",IF(R12>=IF(E12="P",VLOOKUP(MONTH(D12),'📋 Ohjeet'!$A$50:$C$61,2,FALSE()),VLOOKUP(MONTH(D12),'📋 Ohjeet'!$A$50:$C$61,3,FALSE())),"✅ KYLLÄ","❌ EI"))
M13: =IF(D13="","",DATEDIF(D13,TODAY(),"Y")+DATEDIF(D13,TODAY(),"YM")/12) | N13: =IF(OR(E13="",G13="",H13="",J13=""),"",IF(E13="P",-9.236+0.0002708*(H13+I13)*(G13-(H13+I13))-0.001663*(M13*(G13-(H13+I13)))+0.007216*(M13*(H13+I13))+0.02292*(J13/G13*100),-9.376+0.0001882*(H13+I13)*(G13-(H13+I13))+0.0022*(M13*(H13+I13))+0.005841*(M13*(H13+I13))-0.002658*(M13*J13)+0.07693*(J13/G13*100))) | O13: =IF(N13="","Ei tiedossa",IF(N13<-1,"Varhainen",IF(N13<0.5,"PHV-huippu","Post-PHV"))) | P13: =IF(A13="","",TODAY()) | R13: =IF(OR(M13="",N13=""),"",M13-N13) | S13: =IF(OR(R13="",D13="",E13=""),"Ei tietoja",IF(R13>=IF(E13="P",VLOOKUP(MONTH(D13),'📋 Ohjeet'!$A$50:$C$61,2,FALSE()),VLOOKUP(MONTH(D13),'📋 Ohjeet'!$A$50:$C$61,3,FALSE())),"✅ KYLLÄ","❌ EI"))
M14: =IF(D14="","",DATEDIF(D14,TODAY(),"Y")+DATEDIF(D14,TODAY(),"YM")/12) | N14: =IF(OR(E14="",G14="",H14="",J14=""),"",IF(E14="P",-9.236+0.0002708*(H14+I14)*(G14-(H14+I14))-0.001663*(M14*(G14-(H14+I14)))+0.007216*(M14*(H14+I14))+0.02292*(J14/G14*100),-9.376+0.0001882*(H14+I14)*(G14-(H14+I14))+0.0022*(M14*(H14+I14))+0.005841*(M14*(H14+I14))-0.002658*(M14*J14)+0.07693*(J14/G14*100))) | O14: =IF(N14="","Ei tiedossa",IF(N14<-1,"Varhainen",IF(N14<0.5,"PHV-huippu","Post-PHV"))) | P14: =IF(A14="","",TODAY()) | R14: =IF(OR(M14="",N14=""),"",M14-N14) | S14: =IF(OR(R14="",D14="",E14=""),"Ei tietoja",IF(R14>=IF(E14="P",VLOOKUP(MONTH(D14),'📋 Ohjeet'!$A$50:$C$61,2,FALSE()),VLOOKUP(MONTH(D14),'📋 Ohjeet'!$A$50:$C$61,3,FALSE())),"✅ KYLLÄ","❌ EI"))
M15: =IF(D15="","",DATEDIF(D15,TODAY(),"Y")+DATEDIF(D15,TODAY(),"YM")/12) | N15: =IF(OR(E15="",G15="",H15="",J15=""),"",IF(E15="P",-9.236+0.0002708*(H15+I15)*(G15-(H15+I15))-0.001663*(M15*(G15-(H15+I15)))+0.007216*(M15*(H15+I15))+0.02292*(J15/G15*100),-9.376+0.0001882*(H15+I15)*(G15-(H15+I15))+0.0022*(M15*(H15+I15))+0.005841*(M15*(H15+I15))-0.002658*(M15*J15)+0.07693*(J15/G15*100))) | O15: =IF(N15="","Ei tiedossa",IF(N15<-1,"Varhainen",IF(N15<0.5,"PHV-huippu","Post-PHV"))) | P15: =IF(A15="","",TODAY()) | R15: =IF(OR(M15="",N15=""),"",M15-N15) | S15: =IF(OR(R15="",D15="",E15=""),"Ei tietoja",IF(R15>=IF(E15="P",VLOOKUP(MONTH(D15),'📋 Ohjeet'!$A$50:$C$61,2,FALSE()),VLOOKUP(MONTH(D15),'📋 Ohjeet'!$A$50:$C$61,3,FALSE())),"✅ KYLLÄ","❌ EI"))
M16: =IF(D16="","",DATEDIF(D16,TODAY(),"Y")+DATEDIF(D16,TODAY(),"YM")/12) | N16: =IF(OR(E16="",G16="",H16="",J16=""),"",IF(E16="P",-9.236+0.0002708*(H16+I16)*(G16-(H16+I16))-0.001663*(M16*(G16-(H16+I16)))+0.007216*(M16*(H16+I16))+0.02292*(J16/G16*100),-9.376+0.0001882*(H16+I16)*(G16-(H16+I16))+0.0022*(M16*(H16+I16))+0.005841*(M16*(H16+I16))-0.002658*(M16*J16)+0.07693*(J16/G16*100))) | O16: =IF(N16="","Ei tiedossa",IF(N16<-1,"Varhainen",IF(N16<0.5,"PHV-huippu","Post-PHV"))) | P16: =IF(A16="","",TODAY()) | R16: =IF(OR(M16="",N16=""),"",M16-N16) | S16: =IF(OR(R16="",D16="",E16=""),"Ei tietoja",IF(R16>=IF(E16="P",VLOOKUP(MONTH(D16),'📋 Ohjeet'!$A$50:$C$61,2,FALSE()),VLOOKUP(MONTH(D16),'📋 Ohjeet'!$A$50:$C$61,3,FALSE())),"✅ KYLLÄ","❌ EI"))
... M54: =IF(D54="","",DATEDIF(D54,TODAY(),"Y")+DATEDIF(D54,TODAY(),"YM")/12) | N54: =IF(OR(E54="",G54="",H54="",J54=""),"",IF(E54="P",-9.236+0.0002708*(H54+I54)*(G54-(H54+I54))-0.001663*(M54*(G54-(H54+I54)))+0.007216*(M54*(H54+I54))+0.02292*(J54/G54*100),-9.376+0.0001882*(H54+I54)*(G54-(H54+I54))+0.0022*(M54*(H54+I54))+0.005841*(M54*(H54+I54))-0.002658*(M54*J54)+0.07693*(J54/G54*100))) | O54: =IF(N54="","Ei tiedossa",IF(N54<-1,"Varhainen",IF(N54<0.5,"PHV-huippu","Post-PHV"))) | P54: =IF(A54="","",TODAY()) | R54: =IF(OR(M54="",N54=""),"",M54-N54) | S54: =IF(OR(R54="",D54="",E54=""),"Ei tietoja",IF(R54>=IF(E54="P",VLOOKUP(MONTH(D54),'📋 Ohjeet'!$A$50:$C$61,2,FALSE()),VLOOKUP(MONTH(D54),'📋 Ohjeet'!$A$50:$C$61,3,FALSE())),"✅ KYLLÄ","❌ EI"))
