Workbook

Sheet Polku
B2: PELAAJAPOLKU – yksilön konsepteista pelipaikkafundamentteihin
B4: 1. YKSILÖVAIHE (6–14 v) | D4: 2. SILTA (U14–U15) | F4: 3. MASTER (U15 →)
B5: 14 yksilön teknistaktista konseptia (Y-H0–H9, Y-P1–P4) joukkuekontekstissa. Egosentrinen 6–9 → summatiivinen 10–13(–14). Yksilövaihe jatkuu U13:n läpi ja tarvittaessa koko U14:n. → Välilehti: Youth-konseptit | C5: → | D5: Tarkistuslista: kaikki 14 konseptia hallussa. Konseptit syvennetään tulevan pelipaikan kontekstissa. Ei aikaista lukitsemista: ensisijainen + toissijainen pelipaikka. → Välilehti: Silta U14-U15 | E5: → | F5: Pelipaikkakohtaiset fundamentit (CB, FB, MID, AMID, ST, WI, GK). 1–4 uutta fundamenttia per kausi, muut ylläpitona. Skouttaus ja kehityskeskustelut fundamenttikoodeilla. → Välilehdet: pelipaikat + Matriisi
B7: Avainperiaate: | D7: Yksilön kehittäminen joukkuekontekstissa – konsepti opetetaan aina pelitilanteen (sisällön) kautta, ei irrallaan.
B8: Siirtymäsääntö 1: | D8: Master-vaiheeseen vasta, kun yksilökonseptit on käyty läpi (tarkistuslista, Silta-välilehti).
B9: Siirtymäsääntö 2: | D9: 1–4 uutta pelipaikkafundamenttia kaudessa. Järjestys: H0 ensin → pelipaikan identiteetti → yleisin puolustustilanne → rakentelurooli.
B10: Koodisto: | D10: Y-H7 = youth, vartioinnista irtaantuminen | CB-P4 = topparin pallollisen puolustaminen. Numerotaso = teema, kirjaintaso (a, b, c…) = konsepti eli pelaajan KPI. Sama koodi kulkee suunnittelusta skouttaukseen.
B12: Rajaus: | D12: Järjestelmä kattaa pelaajan teknistaktisen kehittämisen (pelikäsitys + tekniikka pelissä). Fyysis-motorinen ja psyykkinen kehittäminen kulkevat rinnalla omina polkuinaan (vrt. Ekkonon preference-malli).

Sheet Youth-konseptit
A1: YKSILÖN TEKNISTAKTISET KONSEPTIT (6–14 v) – opetetaan aina joukkuekontekstissa
A2: Taso-asteikko: 1 = ei näy pelissä | 2 = näkyy ohjatusti (valmentajan muistutuksella) | 3 = näkyy pelissä itsenäisesti. Konsepti on hallinnassa tasolla 3.
A3: Koodi | B3: Teema / konseptit (KPI) | C3: Sisältö (pelitilanne) | D3: Ikäpaino | E3: Pelimuoto | F3: Taso (1–3) | G3: Huomiot / kertaustarve
A4: Y-H0 | B4: Havainnointi (tiedon kerääminen) | C4: Kuljetanko vai syötänkö / Pelaaminen omalta pelipaikalta / Pallon pyytäminen | D4: 6–14, läpileikkaava | E4: 5v5 → 11v11
A5: Y-H0a | B5: a. Diagonaalinen sijoittuminen – laajempi näkökenttä
A6: Y-H0b | B6: b. Avoin peliasento
A7: Y-H0c | B7: c. Pään kääntäminen: avoin puoli ja sokea puoli
A8: Y-H0d | B8: d. Pallo kaukana → joukkueen tasapaino, kasvavat/pienenevät tilat
A9: Y-H0e | B9: e. Pallo lähellä → seuraava syöttösuunta ja lähin vastustaja
A10: Y-H0f | B10: f. Pallo tulossa → suora vastustaja
A11: Y-H0g | B11: g. Puolustaessa: kenet vartioin, vaarallisin pelaaja alueella, pallollisen tilanne, uudelleentasapainotus (taakse > eteen, sisään > ulos)
A12: Y-H1 | B12: Haltuunotto (ensimmäinen kosketus) | C12: Pallon haltuunotto (Get the ball) | D12: 6–9 perusta, syvenee 10–13 | E12: 5v5 → 8v8
A13: Y-H1a | B13: a. Käännä päätä pallon ollessa matkalla
A14: Y-H1b | B14: b. Hyökkää palloa vastaan (50/50, tilan voitto) vai odota (ohitus, vapaa tila)
A15: Y-H1c | B15: c. Ota haltuun optimiajalla – ei helpoimmalla hetkellä
A16: Y-H1d | B16: d. Suuntaa pallo tilaan, joka kytkee seuraavaan toimintoon / pois vastustajalta
A17: Y-H1e | B17: e. Molemmat jalat
A18: Y-H1f | B18: f. Isot ja pehmeät pinnat – älä pysäytä palloa (jatkuvuus)
B19: Tilanteet: etene tai ohita / jatkuvuus / suojaa
A20: Y-H2 | B20: Syöttäminen | C20: Syöttäminen (Passing the ball) | D20: 10–13 (tekniikka 6–9) | E20: 8v8 (tekniikka 5v5)
A21: Y-H2a | B21: a. Kerää tieto ennen syöttöä
A22: Y-H2b | B22: b. Päätöksenteon prioriteetit – mentaalinen kartta (etu ensin)
A23: Y-H2c | B23: c. Kova / pehmeä syöttö aikomuksen mukaan (houkuttelu = pehmeä, eteneminen = kova)
A24: Y-H2d | B24: d. Syötä niin, että vastaanottaja saa edun (oikea tila ja jalka, liike huomioiden)
A25: Y-H2e | B25: e. Anna väärää tietoa syötöllä – piilota aikomus
A26: Y-H2f | B26: f. Syötä ja liiku (jatkuvuus syötön jälkeen)
A27: Y-H2g | B27: g. Vaihtele lyhyitä ja pitkiä (pitkä vain edulla)
A28: Y-H2h | B28: h. Syöttö pallon suojaamisen välineenä (seinäsyöttö)
A29: Y-H2i | B29: i. Ajoitus – oikea konsepti oikeaan hetkeen
A30: Y-H2j | B30: j. Tekniset resurssit: perusteet + luovuus
A31: Y-H3 | B31: Tempokuljetus (driving) | C31: Kuljetanko vai syötänkö / Eteneminen pelissä (6–9) | D31: 6–9 ydin, päätökset 8–10 | E31: 5v5 → 8v8
A32: Y-H3a | B32: a. Pää ylhäällä – tieto avainkohteista kuljettaessa
A33: Y-H3b | B33: b. Pallo lähelle (puolustaja lähellä) vai kauas (tyhjää edessä)
A34: Y-H3c | B34: c. Sisä- ja ulkosyrjä taktisen aikomuksen mukaan
A35: Y-H3d | B35: d. Suunnanmuutokset – älä ole ennustettava
A36: Y-H3e | B36: e. Molemmat jalat – suojaava jalka puolustajan mukaan
A37: Y-H3f | B37: f. Leikkaa vastustajan eteen ohituksen jälkeen
A38: Y-H3g | B38: g. Syötä vai kuljeta: syötä jos tila kiinni / kaveri paremmassa asemassa
A39: Y-H3h | B39: h. Kuljeta kohti puolustajaa vapauttaaksesi kaverin (2v1:n lukeminen)
B40: Tilanteet: etene tai ohita / sido vastustaja / viivytä
A41: Y-H4 | B41: Harhauttaminen (dribbling) | C41: Eteneminen pelissä (10–13) | D41: 10–13 | E41: 8v8 → 11v11
A42: Y-H4a | B42: a. Harhautus ennen kontaktia
A43: Y-H4b | B43: b. Suuntaava kosketus ohitukseen
A44: Y-H4c | B44: c. Rytminvaihto ohitushetkellä
A45: Y-H4d | B45: d. Kehon harhautus – anna väärää tietoa
A46: Y-H4e | B46: e. Suojaa etu ohituksen jälkeen (leikkaa eteen)
B47: Ei konseptidokumenttia lähteessä – johdettu (täydennä Block 2:sta jos löytyy)
A48: Y-H5 | B48: Pallon suojaaminen | C48: Syötön vastaanottaminen (Receive the pass) | D48: a–d: 6–8, e–g: 8–10 | E48: 5v5 (a–d) → 8v8 (e–g)
A49: Y-H5a | B49: a. Keho pallon ja vastustajan väliin, kädet suojaavat
A50: Y-H5b | B50: b. Lantio alas – matala painopiste
A51: Y-H5c | B51: c. Pää ylös suojatessa – skannaa syöttösuunnat
A52: Y-H5d | B52: d. Käänny pienillä kosketuksilla (sisä/ulkosyrjä, harhautus ennen kääntöä)
A53: Y-H5e | B53: e. Käänny avoimeen tilaan – kytke seuraavaan toimintoon
A54: Y-H5f | B54: f. Tekniset resurssit ennakoimattomiin tilanteisiin
A55: Y-H5g | B55: g. Syöttö suojaamisen välineenä
A56: Y-H6 | B56: Tuen tarjoaminen | C56: Pallon pyytäminen (Asking for the ball) | D56: U10 perusta, U13 syvennys | E56: 8v8 (U10) → 11v11 (U13)
A57: Y-H6a | B57: a. U10: Älä pienennä tilaa pallolliseen – hae uusi tila josta voit vastaanottaa
A58: Y-H6b | B58: b. U10: Ole vastaanotettavissa vapaassa tilassa
A59: Y-H6c | B59: c. U10: Oikea peliasento tukea tarjottaessa
A60: Y-H6d | B60: d. U13: Pyydä palloa diagonaalisesta sijainnista
A61: Y-H6e | B61: e. U13: Tarjoa eri syöttölinja kuin muut joukkuetoverit
A62: Y-H6f | B62: f. U13: Auta sieltä, mistä ohitat suoran vastustajasi – tai hätätuki
A63: Y-H6g | B63: g. U13: Ennakoi seuraava tuki
A64: Y-H6h | B64: h. U13: Valmistele tuki pallon ollessa matkalla
A65: Y-H7 | B65: Vartioinnista irtaantuminen (unmarking) | C65: Tiloihin hyökkääminen (Attacking spaces) | D65: U10–12 perusta, U12–13 syvennys | E65: 8v8 → 11v11
A66: Y-H7a | B66: a. Lähde diagonaalista, pyri puolustajan selustaan
A67: Y-H7b | B67: b. Priorisoi hyödylliset alueet
A68: Y-H7c | B68: c. Ajoita liike pallollisen mahdollisuuksiin
A69: Y-H7d | B69: d. Vastaliike + rytminvaihto (3–4 askelta riittää)
A70: Y-H7e | B70: e. Luo oma tilasi irtaantumiseen
A71: Y-H7f | B71: f. Vuorottele irtaantumista ja tukiliikkeitä – ole ennustamaton
A72: Y-H8 | B72: Leveyteen/syvyyteen pelaaminen | C72: Tilojen luominen (Creating spaces) | D72: 10–13 | E72: 8v8 → 11v11
A73: Y-H8a | B73: a. Anna joukkueelle leveys ja syvyys – iso kenttä hyökätessä
A74: Y-H8b | B74: b. Venytä vastustajan ryhmitystä
A75: Y-H8c | B75: c. Kavenna viimeistelyalueita lähestyttäessä
A76: Y-H8d | B76: d. Tunnista, kenelle tila syntyy (itselle vai muille)
B77: Ei konseptidokumenttia lähteessä – johdettu
A78: Y-H9 | B78: Viimeistely (lisätty) | C78: Hyökkäyksen päättäminen – puuttui lähdemateriaalista | D78: 6–9 rohkeus, 10–13 valinnat | E78: 5v5 → 11v11
A79: Y-H9a | B79: a. 6–9: Laukaise rohkeasti kun näet maalin
A80: Y-H9b | B80: b. 6–9: Tekniikan perusteet molemmilla jaloilla
A81: Y-H9c | B81: c. 6–9: Hyökkää maalia kohti haltuunoton/harhautuksen jälkeen
A82: Y-H9d | B82: d. 10–13: Laukaus vai syöttö paremmassa paikassa olevalle
A83: Y-H9e | B83: e. 10–13: Viimeistely liikkeestä ja ensimmäisellä
A84: Y-H9f | B84: f. 10–13: Sijoittaminen vs. voima – katso maalivahti
A85: Y-H9g | B85: g. 10–13: Irtopallovalmius – seuraa jokaista laukausta
A86: Y-H9h | B86: h. 10–13: Paineen alla ja heikommalla jalalla
A87: Y-P1 | B87: 1v1-puolustaminen ja riisto + viivyttäminen | C87: Pallollisen puolustaminen | D87: 6–8 perusta → 10–13 syvennys | E87: 5v5 → 11v11
A88: Y-P1a | B88: a. 6–8: Älä tule ohitetuksi – viivytä, jos pallollisen tilanne on vakaa
A89: Y-P1b | B89: b. 6–8: Jatkuvuus – toinen yritys ohituksen jälkeen
A90: Y-P1c | B90: c. 8–10: Vastustajan ja maalin välissä; ohjaa haluttuun suuntaan
A91: Y-P1d | B91: d. 8–10: Puolustava kehon asento (polvet koukussa, jalat aktiiviset)
A92: Y-P1e | B92: e. 10–12: Lähesty nopeasti, pysähdy ~1 m ennen; jatka jos syöttö huono
A93: Y-P1f | B93: f. 10–12: Intensiivinen kontakti: kädet, keho sivuttain, jalat häiritsevät
A94: Y-P1g | B94: g. 10–12: Seinäsyötön (1-2) puolustus – ensiaskeleet taakse, katkaise juoksurata
A95: Y-P1h | B95: h. 10–13: Muuntajat: kentän vyöhyke ja vastustajan tilanne (paikallaan/liikkeessä/selkä pelisuuntaan)
A96: Y-P2 | B96: Vartiointi (marking) | C96: Pallottoman puolustaminen | D96: U10 perusta, U13 syvennys | E96: 8v8 → 11v11
A97: Y-P2a | B97: a. U10: Puolustuskolmio – maalin ja vastustajan välissä, pallo ja mies näkyvissä
A98: Y-P2b | B98: b. U10: Estä vastustajaa voittamasta selustaasi
A99: Y-P2c | B99: c. U10: Säädä etäisyys niin, että ehdit puolustamaan
A100: Y-P2d | B100: d. U13: Pienennä etäisyyttä omaa maalia lähestyttäessä
...

Sheet Kysymyspankki
A1: VALMENTAJAN KYSYMYSPANKKI – kysymys tekee älykkään, käsky tottelevaisen (Ekkono, Block 3)
A2: Koodi | B2: Teema (konseptit Youth-välilehdellä) | C2: Ohjaavat avainkysymykset pelin ja harjoituksen aikana
A3: Y-H0 | B3: Havainnointi (tiedon kerääminen) | C3: Mitä näit ennen kuin pallo tuli sinulle?
C4: Missä lähin vastustaja oli, kun otit pallon?
C5: Milloin viimeksi käänsit päätäsi?
A6: Y-H1 | B6: Haltuunotto (ensimmäinen kosketus) | C6: Minne ensimmäinen kosketuksesi vei pallon – ja miksi?
C7: Olisitko voinut ottaa pallon aikaisemmin/aggressiivisemmin?
C8: Mihin toimintoon kosketuksesi kytkeytyi?
A9: Y-H2 | B9: Syöttäminen | C9: Miksi valitsit juuri tuon syötön?
C10: Kumpaan jalkaan / mihin tilaan kaveri halusi pallon?
C11: Minne liikuit syöttösi jälkeen?
A12: Y-H3 | B12: Tempokuljetus (driving) | C12: Milloin kannattaa kuljettaa ja milloin syöttää?
C13: Ketä kuljetuksesi sitoi – ja kuka vapautui?
C14: Miksi pidit pallon lähellä / työnsit sen kauas?
A15: Y-H4 | B15: Harhauttaminen (dribbling) | C15: Kummalle puolelle puolustaja antoi tilaa?
C16: Mikä sai puolustajan liikkeelle harhautuksessasi?
C17: Mitä teit heti ohituksen jälkeen?
A18: Y-H5 | B18: Pallon suojaaminen | C18: Missä kehosi oli suhteessa vastustajaan?
C19: Näitkö suojatessasi, minne voit syöttää?
C20: Mihin tilaan käännyit – miksi sinne?
A21: Y-H6 | B21: Tuen tarjoaminen | C21: Näkeekö pallollinen sinut nyt?
C22: Kuka muu on samalla syöttölinjalla kanssasi?
C23: Mistä voisit auttaa niin, että ohitat oman vastustajasi?
A24: Y-H7 | B24: Vartioinnista irtaantuminen (unmarking) | C24: Minne puolustaja katsoi, kun lähdit?
C25: Miksi lähdit juuri sillä hetkellä?
C26: Mihin suuntaan liikuit ensin – ja minne halusit pallon?
A27: Y-H8 | B27: Leveyteen/syvyyteen pelaaminen | C27: Kuka venyttää kenttää, jos sinä kavennat?
C28: Kenelle tilasi syntyi?
C29: Milloin leveys auttaa enemmän kuin syvyys?
A30: Y-H9 | B30: Viimeistely (lisätty) | C30: Laukaus vai syöttö – mitä maalivahti ja puolustaja antoivat sinulle?
C31: Minne liikuit laukauksen jälkeen?
C32: Miksi valitsit sijoittamisen / voiman?
A33: Y-P1 | B33: 1v1-puolustaminen ja riisto + viivyttäminen | C33: Milloin pysähdyit – liian aikaisin vai liian myöhään?
C34: Mihin suuntaan ohjasit vastustajaa – miksi?
C35: Mitä teit, kun sinut ohitettiin?
A36: Y-P2 | B36: Vartiointi (marking) | C36: Näitkö pallon ja oman pelaajasi samaan aikaan?
C37: Pääsikö vastustaja selkäsi taakse – miksi?
C38: Miten säädit etäisyyttä, kun pallo liikkui?
A39: Y-P3 | B39: Varmistaminen (coverage) | C39: Missä olit, kun joukkuetoverisi prässäsi?
C40: Ketä sinä vartioit samalla, kun varmistit?
C41: Minkä syöttölinjan suljit sijainnillasi?
A42: Y-P4 | B42: Tilan puolustaminen ja merkkauksen vaihto | C42: Kumpi oli juuri nyt vaarallisempi: pelaajasi vai tilasi?
C43: Kerroitko merkkauksen vaihdosta kaverillesi?
C44: Mihin pudotit, kun sinut ohitettiin?

Sheet Pelaajakortti
A1: PELAAJAKORTTI – seuranta yksilövaiheesta Master-vaiheeseen (kopioi välilehti jokaiselle pelaajalle)
A3: Pelaajan nimi:
A4: Syntymävuosi:
A5: Ensisijainen pelipaikka:
A6: Toissijainen pelipaikka:
A8: A. YKSILÖVAIHE (6–14 v) – konseptien eteneminen
A9: Taso: 1 = ei näy pelissä, 2 = näkyy ohjatusti, 3 = näkyy pelissä itsenäisesti (= hallinnassa)
A10: Koodi | B10: Konsepti | C10: Taso (1–3) | D10: Pvm | E10: Arvioija | F10: Huomiot
A11: Y-H0 | B11: Havainnointi (tiedon kerääminen)
A12: Y-H1 | B12: Haltuunotto (ensimmäinen kosketus)
A13: Y-H2 | B13: Syöttäminen
A14: Y-H3 | B14: Tempokuljetus (driving)
A15: Y-H4 | B15: Harhauttaminen (dribbling)
A16: Y-H5 | B16: Pallon suojaaminen
A17: Y-H6 | B17: Tuen tarjoaminen
A18: Y-H7 | B18: Vartioinnista irtaantuminen (unmarking)
A19: Y-H8 | B19: Leveyteen/syvyyteen pelaaminen
A20: Y-H9 | B20: Viimeistely (lisätty)
A21: Y-P1 | B21: 1v1-puolustaminen ja riisto + viivyttäminen
A22: Y-P2 | B22: Vartiointi (marking)
... A24: Y-P4 | B24: Tilan puolustaminen ja merkkauksen vaihto
A26: B. SILTA U14–U15
A27: Tarkistuslista käyty (pvm ja arvioija):
A28: Syvennettävät youth-konseptit pelipaikan kontekstissa:
A29: Sovitut kertaukset ennen Master-vaihetta:
A31: C. MASTER-VAIHE (U15 →) – 1–4 uutta fundamenttia / kausi
A32: Kausi | B32: Opetellut fundamentit (koodit) | D32: Skouttausarvio tehty (pvm) | E32: Kehityssopimuksen painopisteet
A33: 1. kausi
A34: 2. kausi
A35: 3. kausi
A36: 4. kausi

Sheet Silta U14-U15
A1: SILTA U14–U15 – yksilövaiheesta pelipaikkafundamentteihin
A2: Periaatteet
A3: 1. Kaikki 14 yksilökonseptia käyty läpi U14:n loppuun mennessä (tarkistuslista alla).
A4: 2. Yksilön kehittäminen joukkuekontekstissa on avainasia – pelipaikka on uusi konteksti, ei uusi sisältö.
A5: 3. Master-vaiheessa 1–4 uutta fundamenttia per kausi (kausimalli alla).
A6: 4. Ei aikaista lukitsemista: ensisijainen + vähintään yksi toissijainen pelipaikka.
A8: A. TARKISTUSLISTA (U14-kehityskeskustelu – yksilövaiheen päätös)
A9: Hallinnassa = taso 3 Youth-konseptit-välilehden asteikolla (1 = ei näy pelissä, 2 = näkyy ohjatusti, 3 = näkyy pelissä itsenäisesti).
A10: Koodi | B10: Konsepti | C10: Hallinnassa (pvm) | D10: Kertaustarve | E10: Huomiot
A11: Y-H0 | B11: Havainnointi (tiedon kerääminen)
A12: Y-H1 | B12: Haltuunotto (ensimmäinen kosketus)
A13: Y-H2 | B13: Syöttäminen
A14: Y-H3 | B14: Tempokuljetus (driving)
A15: Y-H4 | B15: Harhauttaminen (dribbling)
A16: Y-H5 | B16: Pallon suojaaminen
A17: Y-H6 | B17: Tuen tarjoaminen
A18: Y-H7 | B18: Vartioinnista irtaantuminen (unmarking)
A19: Y-H8 | B19: Leveyteen/syvyyteen pelaaminen
A20: Y-H9 | B20: Viimeistely (lisätty)
A21: Y-P1 | B21: 1v1-puolustaminen ja riisto + viivyttäminen
A22: Y-P2 | B22: Vartiointi (marking)
... A24: Y-P4 | B24: Tilan puolustaminen ja merkkauksen vaihto
A26: B. SILTATAULUKKO – pelipaikkakohtaiset painotukset (U14–U15)
A27: Pelipaikka | B27: Syvennettävät youth-konseptit pelipaikan kontekstissa | D27: 1. Master-kauden fundamentit (max 4)
A28: Toppari (CB) | B28: Y-P1, Y-P2, Y-P3, Y-P4, Y-H2 (maasyötöt + pitkä), Y-H0 | D28: CB-H0, CB-P2, CB-P3, CB-H3
A29: Laitapuolustaja (FB) | B29: Y-P1, Y-P2, Y-P4, Y-H8 (leveys), Y-H3, Y-H0 | D29: FB-H0, FB-P4, FB-P6, FB-H5
A30: Keskikenttä (MID) | B30: Y-H0 (korostetusti), Y-H6, Y-H2, Y-H1 (paineessa), Y-P3, Y-P4 | D30: MID-H0, MID-H2, MID-H4, MID-P3
A31: Kymppi (AMID) | B31: Y-H7, Y-H6 (taskut), Y-H0, Y-H1 (kääntyminen), Y-P1 (vastaprässi) | D31: AMID-H0, AMID-H2, AMID-H4, AMID-P4
A32: Keskushyökkääjä (ST) | B32: Y-H7 (selustaan), Y-H5 (selkä maalille), Y-H9, Y-H8 (syvyys) | D32: ST-H0, ST-H1, ST-H2, ST-H5
A33: Laituri (WI) | B33: Y-H4 (1v1), Y-H8 (leveys), Y-H9, Y-H7, Y-P1 | D33: WI-H0, WI-H1, WI-H6, WI-H4
A34: Maalivahti (GK) | B34: Y-H0, Y-H1–H2 (jalkapeli) + MV-tekniikka (youth-polku puuttuu materiaalista) | D34: GK-H0, GK-H1, GK-P4, GK-P5
A36: C. KAUSIMALLI MASTER-VAIHEESSA (1–4 fundamenttia / kausi)
A37: Kausi | B37: Uudet fundamentit | D37: Ylläpito
A38: 1. kausi (U15, tarvittaessa U16) | B38: 4 fundamenttia (siltataulukon oikea sarake) | D38: Youth-konseptien kertaus pelipaikan kontekstissa
A39: 2. kausi | B39: 3–4 seuraavaa (loput puolustusfundamentit + hyökkäyksen ydin) | D39: Edellisen kauden fundamentit peleissä ja arvioinnissa
A40: 3. kausi | B40: Loput fundamentit + heikoimpien syventäminen | D40: Koko paketti käytössä, skouttaustyökalu täysimääräisesti
A41: 4. kausi → | B41: Yksilölliset painopisteet kehityskeskustelusta | D41: Kaikki fundamentit arvioinnissa
A43: Uusien fundamenttien järjestys: 1) H0 aina ensin 2) pelipaikan identiteettifundamentti 3) yleisin puolustustilanne 4) rakentelurooli.

Sheet Valitsin
B2: MASTER – FUNDAMENTTIEN VALINTATYÖKALU
B3: Kohderyhmä: pelipaikkakohtaiset fundamentit noin 14–15-vuotiaista alkaen, kun yksilön teknistaktiset konseptit on opeteltu.
B4: 0. MISSÄ VAIHEESSA PELAAJA ON? → Yksilövaihe 6–14 v: Youth-konseptit | Silta U14–U15: Silta-välilehti | Master U15 →: pelipaikkavälilehdet
B7: Näin valitset oikean fundamentin (3 kysymystä):
B8: 1. KUKA? → Valitse pelipaikka (välilehdet: CB, FB, MID, AMID, ST, WI, GK)
B9: 2. MIKÄ VAIHE? → Puolustus (P) vai hyökkäys (H)
B10: 3. MISSÄ? → RA ulkopuolella / RA sisällä / Siirtymät (puolustuksessa)
B12: Koodisto:
B13: Koodi = pelipaikka + vaihe + numero (+ alakohdan kirjain)
B14: Esim. CB-P4 = Topparin pallollisen puolustaminen
B15: Esim. WI-H6b = Laiturin 1v1 tilaedulla
B16: Käytä koodia muistiinpanoissa: "#14: WI-H6b ✓" (koodi = pelipaikka + vaihe + teeman numero + konseptin kirjain)
... B21: Pisteytysasteikko (skouttaus):
B22: 1 | C22: Merkittävä puute – toistuvia virheitä, konsepti ei näy pelissä
B23: 2 | C23: Kehittyvä – konsepti näkyy satunnaisesti, epäjohdonmukainen
B24: 3 | C24: Tasollaan – suorittaa luotettavasti normaalitilanteissa
B25: 4 | C25: Vahvuus – johdonmukainen myös paineen alla, harvoja virheitä
B26: 5 | C26: Erottuva huipputaso – hallitsee konseptin ja johtaa muita sen avulla
B28: Tarkat pisteytyskriteerit (1/3/5), harjoitesuositukset ja itsearvioinnit löytyvät pelipaikkakohtaisista työkalupaketeista (md-dokumentit).

Sheet Matriisi
A1: MASTER-MATRIISI – fundamentit × pelipaikat
A2: Koodi | B2: Vaihe/vyöhyke | C2: CB – Toppari | D2: FB – Laitapuolustaja | E2: MID – Keskikenttäpelaaja | F2: AMID – Hyökkäävä keskikenttäpelaaja | G2: ST – Keskushyökkääjä | H2: WI – Laituri | I2: GK – Maalivahti
A3: P1 | B3: RA ulkopuolella | C3: Puolustustasapainon ylläpitäminen | D3: Puolustustasapainon ylläpitäminen | E3: Puolustustasapainon ylläpitäminen | F3: Puolustustasapainon ylläpitäminen | G3: Puolustustasapainon ylläpitäminen | H3: Puolustustasapainon ylläpitäminen | I3: Puolustustasapainon ylläpitäminen (sijoittuminen suhteessa peliin)
A4: P2 | B4: RA ulkopuolella | C4: Merkattavan pelaajan tunnistaminen | D4: Merkattavan pelaajan tunnistaminen | E4: Merkattavan pelaajan tunnistaminen | F4: Puolustettavan pelaajan tunnistaminen | G4: Merkattavan pelaajan tunnistaminen | H4: Merkattavan pelaajan tunnistaminen | I4: Selustan tilan puolustaminen (sweeper-rooli)
A5: P3 | B5: RA ulkopuolella | C5: Tilan puolustaminen | D5: Tilan puolustaminen | E5: Tilan puolustaminen | F5: Tilan puolustaminen | G5: Tilan puolustaminen | H5: Tilan puolustaminen | I5: Pelin ohjaaminen ja kommunikaatio
A6: P4 | B6: RA sisällä | C6: Pallollisen puolustaminen | D6: Pallollisen puolustaminen | E6: Pallollisen puolustaminen | F6: Pallollisen puolustaminen | G6: Pallollisen puolustaminen | H6: Pallollisen puolustaminen | I6: Maalinteon estäminen (torjuminen)
A7: P5 | B7: RA sisällä | C7: Boksin vapauttaminen | D7: Rangaistusalueen vapauttaminen | E7: Rangaistusalueen vapauttaminen | F7: Vastahyökkäyksiin valmistautuminen | G7: Vastahyökkäyksiin valmistautuminen | H7: Vastahyökkäyksiin valmistautuminen | I7: Keskitysten ja laitapallojen hallinta
A8: P6 | B8: Siirtymät | C8: Keskityksen puolustaminen | D8: Keskityksen puolustaminen | E8: Keskityksen puolustaminen | F8: Jatkotilanteiden ennakointi | G8: Jatkotilanteiden ennakointi | H8: Jatkotilanteiden ennakointi | I8: Jatkotilanteiden ennakointi
A9: P7 | B9: RA sisällä | C9: Puolustaminen vaara-alueilla | D9: Puolustaminen vaara-alueilla | E9: Puolustaminen vaara-alueilla | F9: – | G9: – | H9: – | I9: –
A10: P8 | B10: Siirtymät | C10: Jatkotilanteiden ennakointi | D10: Jatkotilanteiden ennakointi | E10: Jatkotilanteiden ennakointi | F10: – | G10: – | H10: – | I10: –
A11: H0 | B11: Hyökkäys | C11: Tiedon kerääminen (skannaus) | D11: Tiedon kerääminen (skannaus) | E11: Tiedon kerääminen (skannaus) | F11: Tiedon kerääminen (skannaus) | G11: Tiedon kerääminen (skannaus) | H11: Tiedon kerääminen (skannaus) | I11: Tiedon kerääminen (skannaus)
A12: H1 | B12: Hyökkäys | C12: Hyökkäystasapainon ylläpitäminen (asemahyökkäys) | D12: Hyökkäystasapainon ylläpitäminen | E12: Hyökkäystasapainon ylläpitäminen | F12: Hyökkäystasapainon ylläpitäminen | G12: Tilan luominen ja syvyyden tuottaminen hyökkäykseen (asemahyökkäys) | H12: Leveyden takaaminen | I12: Pelin avaaminen
A13: H2 | B13: Hyökkäys | C13: Tukien tarjoaminen | D13: Tukien tarjoaminen | E13: Tukien tarjoaminen | F13: Tukien tarjoaminen | G13: Hyökkäyksen liikuttaminen | H13: Hyökkäyksen liikuttaminen | I13: Tukien tarjoaminen (ylimääräinen pelaaja rakentelussa)
... A18: H7 | B18: Hyökkäys | C18: – | D18: – | E18: – | F18: – | G18: Jatkotilanteiden ennakointi | H18: Jatkotilanteiden ennakointi | I18: –

Sheet Harjoitepankki
A1: HARJOITEPANKKI – painopisteet ja harjoite-esimerkit kehityskohteittain (lähde: md-työkalupaketit)
A2: Koodi | B2: Pelipaikka | C2: Kehityskohde (teema) | D2: Painopisteet ja harjoite-esimerkit
A3: CB-P1 | B3: Toppari | C3: Puolustustasapaino | D3: Linjapuolustusharjoitteet 4v4–8v8 isolla kentällä; videoklipit omista otteluista (linjan syvyys/leveys); kommunikaatiovastuun antaminen harjoituspeleissä
A4: CB-P2 | B4: Toppari | C4: Merkkaus & skannaus | D4: Pienpelit merkkaussäännöillä (mies–mies boksissa); skannausfrekvenssin laskenta videolta; 2v2+2 välitilapuolustus
A5: CB-P3 | B5: Toppari | C5: Tilan puolustaminen | D5: 2v2/3v3 syvyysjuoksuilla; varmistusharjoitteet (prässi + kouvraus pareittain); alivoimapuolustus 2v3, 3v4 viivyttäen
A6: CB-P4 | B6: Toppari | C6: Pallollisen puolustaminen | D6: Toistuvat 1v1-tilanteet eri lähtöasetelmilla (kasvot/selkä, vauhdista); prässitekniikka: lähestymiskulma, asento, ajoitus
A7: CB-P5 | B7: Toppari | C7: Boksin vapauttaminen | D7: Pelinomaiset linjannostoharjoitteet takaisinsyötöistä ja purkupalloista; paitsiolinjan yhteispeli MV:n kanssa
A8: CB-P6 | B8: Toppari | C8: Keskityksen puolustaminen | D8: Keskityspuolustus 4v4–6v6 boksissa (tolppavastuut); pääpallokamppailut kuormitettuna; MV-yhteistyö väliin tulevissa palloissa
A9: CB-P7 | B9: Toppari | C9: Vaara-alueet | D9: Blokkausharjoitteet; 1v1 boksissa loppuun asti -sääntö pienpeleissä; toistot väsyneenä (pelinomainen kuormitus)
A10: CB-P8 | B10: Toppari | C10: Ennakointi | D10: Reaktio- ja irtopallopelit; video: mitä tapahtuu 2 s laukauksen/pääpallon jälkeen
A11: CB-H0 | B11: Toppari | C11: Tiedon kerääminen (skannaus) | D11: Rondot ja possessiopelit skannaussäännöllä (esim. pään käännyttävä 2× ennen vastaanottoa); värikoodipelit (valmentaja näyttää värin, pelaajan nimettävä se vastaanoton yhteydessä); skannausfrekvenssin laskenta videolta (huipputaso ~0,5 s välein ennen vastaanottoa)
A12: CB-H1 | B12: Toppari | C12: Hyökkäystasapaino & tuet | D12: Rakentelupelit 4v2 → 8v6 prässiä vastaan; sijoittuminen nousussa (rest defence)
A13: CB-H2 | B13: Toppari | C13: Hyökkäystasapaino & tuet | D13: Rakentelupelit 4v2 → 8v6 prässiä vastaan; sijoittuminen nousussa (rest defence)
... A94: GK-H5 | B94: Maalivahti | C94: Sijoittuminen hallinnassa | D94: Rest defence -harjoitteet: MV:n sijainti joukkueen hyökätessä + reaktio menetykseen (sweeper-valmius)

Sheet Ydinkonseptit
A1: YDINKONSEPTIT – mitä pelaajan tulee ymmärtää (kehityskeskustelun tausta-aineisto)
A2: Pelipaikka | B2: Ydinkonsepti | C2: Mitä pelaajan tulee ymmärtää
A3: Toppari (CB) | B3: Tiedon kerääminen (skannaus) | C3: Kaiken perusta: skannaa ennen palloa, älä pallon kanssa. Diagonaalinen sijoittuminen ja avoin peliasento antavat näkymän eteen ja taakse – ratkaisu on tehty jo ennen vastaanottoa.
B4: Puolustuslinjan tasapaino | C4: Linja liikkuu yhtenä yksikkönä pallon, tilan ja vastustajan mukaan. Syvyys määräytyy: onko pallolliseen prässi vai ei.
B5: Merkkaus ja skannaus | C5: "Pallo–vastustaja–tila" -kolmio: näe kaikki kolme jatkuvasti. Asento sivuttain, ei koskaan selkä pelille.
B6: Varmistaminen | C6: Kun pelikaveri prässää, sinä varmistat. Varmistuskulma ja -etäisyys: pystyt puuttumaan sekä ohituskuljetukseen että syöttöön selustaan.
B7: Prässi ohittumatta | C7: Lähesty nopeasti, hidasta viimeiset metrit, matala asento, ohjaa huonompaan suuntaan. Älä sukella.
B8: Boksin vapauttaminen ja linjan nosto | C8: Jokainen taaksepäin menevä pallo = mahdollisuus nostaa. Alas jääminen kutsuu vaaran boksiin.
B9: Keskitysten puolustaminen ja puolustaminen vaara-alueilla | C9: Boksissa merkkaus on 1v1-vastuu: näe pallo ja mies. Ykköstolppa katetaan aina, kakkostolppa MV:n 1v1:ssä.
B10: Jatkotilanteiden ennakointi | C10: Tilanne ei pääty laukaukseen tai pääpalloon – ennakoi torjunta, pudotus, irtopallo.
B11: Rakentelu ja ylivoiman luonti | C11: Toppari on nykyfutiksen ensimmäinen pelintekijä: syöttövalinta, sitova kuljetus ja pelin kääntö rikkovat vastustajan ensimmäisen prässilinjan.
A12: Laitapuolustaja (FB) | B12: Tiedon kerääminen (skannaus) | C12: Kaiken perusta: skannaa ennen palloa, älä pallon kanssa. Laitapuolustajan erityisyys: laita antaa "selkäsuojan", joten avoin peliasento kohti kenttää avaa lähes koko pelin näkymän.
B13: Kaksi roolia laidasta riippuen | C13: Pallonpuoleinen laitapuolustaja puolustaa keskityslinjalla lähellä palloa; vastakkaisen laidan puolustaja kaventaa keskelle ja ottaa miesvartioinnin rangaistusalueelle tulevasta pelaajasta. Roolin tunnistus joka tilanteessa.
B14: Varmistaminen ja pudottaminen | C14: Kun keskustoppari prässää, laitapuolustaja varmistaa. Kun syöttö selustaan on mahdollinen, pudota ennen syöttöä – ei sen jälkeen.
B15: Prässi ja ohjaaminen | C15: Laidalla sivuraja on lisäpuolustaja: ohjaa vastustaja kohti rajaa tai varmistusta, älä päästä sisäkaistalle. Älä anna ohittaa itseäsi.
B16: Merkattavan seuraaminen | C16: Vastustajan laituri on ensisijainen vastuu, mutta valppaus säilyy myös oman joukkueen hyökätessä – tilanteenvaihto alkaa jo ennen menetystä.
B17: Rangaistusalueen vapauttaminen | C17: Älä valu alas turhaan. Jokainen taaksepäin siirtyvä pallo on mahdollisuus nostaa ja vapauttaa alue.
B18: Jatkotilanteiden ennakointi | C18: Laukauksen tai ilmapallokamppailun aikana asema ratkaisee: pudota ja kavenna keskikaistalle jo ennen kuin pallo irtoaa.
B19: Hyökkäyksen tukeminen ja mukaan nouseminen | C19: Laitapuolustaja luo leveyttä tai sisäkaistaylivoimaa pelitavasta riippuen. Mukaan nousun ajoitus: nouse, kun tila on syntynyt ja tasapaino takana on turvattu – ei aina.
A20: Keskikenttäpelaaja (MID) | B20: Tiedon kerääminen (skannaus) | C20: Keskikenttäpelaaja pelaa 360 asteen ympäristössä – skannaus on hänelle kriittisempi kuin kenellekään muulle. Diagonaalinen sijoittuminen ja avoin peliasento; ratkaisu valmiina ennen vastaanottoa.
B21: Keskustan hallinta puolustaessa | C21: Keskusta on kentän arvokkain alue: leveys- ja syvyystasapaino keskikenttälinjassa ratkaisee, pääseekö vastustaja pelaamaan linjojen välistä.
B22: Syöttölinjojen sulkeminen | C22: Prässi ei ole vain juoksemista palloa kohti: oikea peittokulma vähentää vastustajan syöttövaihtoehtoja ja tekee prässistä organisoidun.
B23: Varmistukset ja pudottautuminen | C23: Keskikenttäpelaaja paikkaa kahta linjaa: varmistaa keskikenttälinjassa ja pudottautuu tarvittaessa keskustopparin rooliin (keskitykset, epätasapaino).
B24: Muodon sisässä pelaaminen | C24: Tukien tarjoaminen vastustajan muodon sisällä (linjojen välissä) rikkoo prässin. Hätätuki, jatkuvuustuki ja syöttölinjojen avaaminen ovat saman konseptin eri tasoja.
B25: Pelin avaamisen varmistaminen | C25: Avausvaihe kulkee keskikentän kautta tai epäonnistuu: liike oikeaan tilaan oikeaan aikaan, tarvittaessa oman pelipaikan ulkopuolelle.
B26: Hyökkäyspelin organisointi | C26: Syöttöpeli ennen kuljettamista, eteneminen ennen sivuttaissiirtelyä – mutta riski minimoiden. Syöttö etuun ja liike syötön jälkeen pitävät pelin elävänä.
B27: Jatkotilanteiden ennakointi ja tilanteenvaihto | C27: Ennakoi sekä katkot että oman joukkueen menetykset – keskikenttäpelaaja on vastaprässin ensimmäinen lenkki.
A28: Hyökkäävä keskikenttäpelaaja (AMID) | B28: Tiedon kerääminen (skannaus) | C28: Kympin peli ratkeaa ennen vastaanottoa: taskuissa pelaava saa palloa ahtaimmissa tiloissa, joten skannauksen frekvenssi ja avoin peliasento ratkaisevat, kääntyykö peli eteenpäin.
B29: Linjojen välissä pelaaminen (taskut) | C29: Tuki vastustajan keskikenttä- ja puolustuslinjan välissä rikkoo vastustajan rakenteen. Liiku vastustajan katveessa – näy pallolliselle, pysy piilossa vartijalta.
B30: Pudottautuminen vs. syvyysjuoksu | C30: Kympin kaksi asetta: pudottaudu tueksi tai juokse syvyyteen. Vuorottelu tekee pelistä lukukelvotonta ja luo epätasapainoa.
B31: Sisäkaistojen tasapaino | C31: Hyökkäystasapaino on kympillä tilojen hallintaa: sisäkaistat eivät saa tyhjentyä eivätkä ruuhkautua. Oman pelipaikan jättäminen on sallittua, kun joukkueen organisaatio säilyy.
B32: Aloitteen vieminen ja vastaprässi | C32: Puolustaminen alkaa menetyshetkestä: lähin pelaaja prässää välittömästi. Kymppi on vastaprässin käynnistäjä ylimpänä keskikenttäpelaajana.
B33: Keskustan suojaaminen puolustaessa | C33: Estä syötöt sisäkaistoille ja meitä syvemmälle sekä pelinkäännöt sisätuen kautta – kympin puolustustyö suuntaa vastustajan pelin laitoihin.
B34: Vastahyökkäysten käynnistäminen | C34: Pallonvoiton jälkeen ensimmäinen tuki ja ensimmäinen etenevä syöttö kulkevat kympin kautta. Valmistaudu jo puolustaessasi.
B35: Hyökkäyspelin organisointi ja boksiin liikkuminen | C35: Etenevä peli edullisilla alueilla, syöttö etuun, liike syötön jälkeen – ja keskityksissä juoksu tyhjään tilaan rangaistusalueelle.
A36: Keskushyökkääjä (ST) | B36: Tiedon kerääminen (skannaus) | C36: Kärki pelaa useimmin selkä maalille ja vartija selässä – skannaus ennen vastaanottoa kertoo, voiko kääntyä vai pitääkö pudottaa. Diagonaalinen sijoittuminen suhteessa pallolliseen pitää sekä pallon että selustan näkyvissä.
B37: Syvyyden varmistaminen | C37: Kärjen tärkein rakenteellinen tehtävä: venytä vastustajan puolustuslinjaa. Ilman syvyysuhkaa koko joukkueen tilat katoavat.
B38: Vapaiden juoksujen vaihtelu | C38: Selusta vai jalkoihin, ykköstolppa vai kakkostolppa, pudottautuminen vai syvyys – vaihtelu tekee kärjestä lukukelvottoman. Liike syötön jälkeen on yhtä tärkeä kuin liike ennen syöttöä.
B39: Selkä maalille -peli | C39: Pudottautuminen tueksi, pallon pito paineen alla ja seinäsyötöt liittävät kärjen rakenteluun. Tarvittaessa tuki oman pelipaikan ulkopuolelta.
B40: Ensimmäisen prässilinjan johtaminen | C40: Kärjen prässi ei ole vain juoksemista: ohjaa vastustajan avaus laidalle tai haluttuun suuntaan ja tee siitä ennustettavaa joukkueelle. Yhden ja kahden kärjen ryhmityksissä eri vastuut.
B41: Vastaprässi ja ennakointi | C41: Menetyshetkellä lähin prässää välittömästi. Ennakoi vastustajan huonot kosketukset – prässäysmahdollisuus syntyy sekunnin murto-osassa.
B42: Rangaistusaluepelaaminen | C42: Laukaus vai syöttö -valinta, maalille hyökkääminen ja juoksuradat keskityksiin. Maalinteko on toistojen ja ennakoinnin summa, ei sattumaa.
B43: Jatkotilanteet ("haaskalinnun vaisto") | C43: Torjunnat, irtopallot ja pudotukset: ennakoi, älä seuraa. Suuri osa maaleista syntyy toisesta aallosta.
A44: Laituri (WI) | B44: Tiedon kerääminen (skannaus) | C44: Laiturin tärkein skannauskohde on vastustajan laitapuolustaja: etäisyys ja asento kertovat, kannattaako haastaa, hakea syöttö jalkaan vai juosta selustaan. Laita antaa selkäsuojan – avoin peliasento kohti kenttää.
B45: Leveyden takaaminen | C45: Leveys venyttää vastustajan ryhmitystä ja avaa sisäkaistat muille. Kavenna vasta viimeistelyalueilla ja palauta leveys heti ensimmäisen toiminnon jälkeen.
B46: 1v1-pelaaminen ja edun luominen | C46: Laiturin ydinase: suuntaava ensimmäinen kosketus luo edun, tilaetu ratkaisee haastamispäätöksen, ja 2v1-tilanne syntyy houkuttelemalla vastustaja itseen. Ilman etua – jatkuvuus, ei pakotettu haasto.
B47: Vapaiden juoksujen vaihtelu | C47: Kohti maalia, tueksi jalkaan, syötön jälkeen – vaihtelu tekee laiturista lukukelvottoman ja luo tilaa laitapuolustajan nousuille.
B48: Keskittäminen ja boksiin liittyminen | C48: Keskityksen tarkoitus on antaa kärjelle etu (ajoitus, alue, voima). Kun peli etenee vastakkaista laitaa, laituri liittyy viimeistelyalueelle – takatolppa on laiturin maalipaikka.
B49: Laidan puolustaminen | C49: Merkattavan tunnistus, sisäkaistan peittäminen ja nousevan laitapuolustajan seuraaminen. Kavenna auttamaan, kun pallo on vastakkaisella laidalla.
B50: Vastaprässi ja vastahyökkäykset | C50: Menetyshetkellä prässää välittömästi; pallonvoitossa laituri on vastahyökkäyksen kärkiase – syvyysjuoksut ensimmäisessä ja toisessa aallossa.
B51: Jatkotilanteet | C51: Torjunnat, pudotukset ja irtopallot: toisen aallon laukaukset ja takatolpan saapumiset ratkaisevat tiukat ottelut.
A52: Maalivahti (GK) | B52: Tiedon kerääminen (skannaus) | C52: Maalivahdilla on eniten aikaa ja paras näkymä – käytä ne. Tilannekuva vastustajan prässistä muodostetaan ennen takaisinsyöttöä, ei sen jälkeen. Ratkaisu valmiina ennen palloa.
B53: Syvyyssijainti ja sweeper-rooli | C53: Maalivahdin peruspaikka elää puolustuslinjan mukana: korkea linja = korkea maalivahti. Selustan tila on maalivahdin vastuualue – rohkeus ja ennakointi rangaistusalueen ulkopuolella kuuluvat moderniin maalivahtipeliin.
B54: Kulmien kaventaminen ja torjuminen | C54: Sijoittuminen tekee torjunnasta helpon: oikea kulma ja paikallaanolo laukaisuhetkellä. Irtopallon suunta on osa torjuntaa – sivulle tai yli, ei koskaan eteen keskelle.
B55: 1v1-pelaaminen | C55: Ajoitus ratkaisee: kavenna tilaa kun pallo on irti hyökkääjän jalasta, pysy pystyssä mahdollisimman pitkään, pakota hyökkääjä ratkaisuun.
B56: Rangaistusalueen ilmatilan hallinta | C56: Lähtöpäätös tehdään kerran ja siihen sitoudutaan. Kiinniotto on aina ensisijainen, nyrkkäys pitkälle ja sivulle. Huuto "OMA!" sitoo koko puolustuksen.
B57: Pelin ohjaaminen äänellä | C57: Maalivahti on ainoa, joka näkee koko kentän – hiljainen maalivahti hukkaa joukkueensa suurimman tiedollisen edun. Kommunikaation on oltava jatkuvaa, selkeää ja ennakoivaa.
B58: Ensimmäinen pelinrakentaja | C58: Maalivahti luo rakenteluun +1-ylivoiman. Avausvalinta (lyhyt/pitkä) tehdään vastustajan prässin mukaan – hyvä pitkä avaus on ase, pakotettu lyhyt avaus on riski.
B59: Tilanteenvaihdot molempiin suuntiin | C59: Pallonvoitossa maalivahti on vastahyökkäyksen ensimmäinen syöttäjä; menetyksessä sijainti korjataan ennen vastustajan hyökkäystä.

Sheet CB Toppari
A1: TOPPARI (CB) – skouttaus + itsearviointi + kehityskeskustelu samalla sivulla
A2: Koodi | B2: Vyöhyke | C2: Teema / konseptit (KPI) | D2: Valm. arvio | E2: Itsearvio | F2: Ero | G2: Kriteerit 1 / 3 / 5 | H2: Harjoitesuositus (automaattinen, kun arvio 1–2) | I2: Huomiot
A3: CB-P1 | B3: RA ulkopuolella | C3: 1. PUOLUSTUSTASAPAINON YLLÄPITÄMINEN | F3: =IF(AND(D3<>"",E3<>""),D3-E3,"") | G3: 1: Linja hajoaa; jää väärään syvyyteen; ei palauta tasapainoa 3: Pitää linjan leveys- ja syvyystasapainon normaalitilanteissa 5: Ohjaa koko linjaa; korjaa tasapainon ennakoivasti ennen kuin vaara syntyy | H3: =IF(OR(D3="1",D3="2",E3="1",E3="2",D3=1,D3=2,E3=1,E3=2),IFERROR(VLOOKUP(A3,Harjoitepankki!$A:$D,4,FALSE()),""),"")
A4: CB-P1a | C4: a. Ylläpidä puolustuslinjan tasapaino leveyssuunnassa
A5: CB-P1b | C5: b. Ylläpidä puolustuslinjan tasapaino syvyyssuunnassa
A6: CB-P1c | C6: c. Palauta tasapaino tilanteen rikkoutuessa
A7: CB-P1d | C7: d. Tasapainota puolustuslinja uudelleen
A8: CB-P2 | B8: RA ulkopuolella | C8: 2. MERKATTAVAN PELAAJAN TUNNISTAMINEN | F8: =IF(AND(D8<>"",E8<>""),D8-E8,"") | G8: 1: Menettää merkattavan; katse vain pallossa; yllättyy välitilasyötöistä 3: Pitää pallon ja hyökkääjän näkökentässä; sijoittuu oikein 5: Ennakoi vastustajan liikkeet; tiivistää välitilat ennen syöttöä; valmiina myös oman hyökkäyksen aikana | H8: =IF(OR(D8="1",D8="2",E8="1",E8="2",D8=1,D8=2,E8=1,E8=2),IFERROR(VLOOKUP(A8,Harjoitepankki!$A:$D,4,FALSE()),""),"")
A9: CB-P2a | C9: a. Sijoitu oikeassa peliasennossa (rintamasuunta ja kehon asento siten, että pystyt reagoimaan nopeasti joka suuntaan) / pidä hyökkääjä ja pallo näkökentässäsi
A10: CB-P2b | C10: b. Sijoitu oikein suhteessa merkattavaan pelaajaan
A11: CB-P2c | C11: c. Tiivistä tila, kun vastustaja voi vastaanottaa pallon linjojen välissä
A12: CB-P2d | C12: d. Säilytä puolustusvalmius oman joukkueen hyökätessä
A13: CB-P3 | B13: RA ulkopuolella | C13: 3. TILAN PUOLUSTAMINEN | F13: =IF(AND(D13<>"",E13<>""),D13-E13,"") | G13: 1: Ei varmista; selusta auki; alivoimassa lähtee vääriin prässiin 3: Varmistaa pelikaveria; puolustaa selustan syötöt luotettavasti 5: Lukee syvyysjuoksut aikaisin; hallitsee sisään–ulos-liikkeiden puolustamisen; viivyttää alivoimassa taitavasti | H13: =IF(OR(D13="1",D13="2",E13="1",E13="2",D13=1,D13=2,E13=1,E13=2),IFERROR(VLOOKUP(A13,Harjoitepankki!$A:$D,4,FALSE()),""),"")
A14: CB-P3a | C14: a. Varmista palloa prässäävää topparia tai laitapuolustajaa
A15: CB-P3b | C15: b. Peräänny nopeasti ennakoiden syöttö topparin taakse jäävään tilaan
A16: CB-P3c | C16: c. Ensimmäinen keskustoppari puolustaa niin, että hän estää vapaat juoksut selustaansa
A17: CB-P3d | C17: d. Toisen keskustopparin miesvartiointi (1v1-puolustaminen), kun hyökkääjä liikkuu topparien väliseen tilaan (sisään–ulos-liike)
A18: CB-P3e | C18: e. Viivytä perääntyen alivoimatilanteessa
A19: CB-P4 | B19: RA ulkopuolella | C19: 4. PALLOLLISEN PUOLUSTAMINEN | F19: =IF(AND(D19<>"",E19<>""),D19-E19,"") | G19: 1: Tulee ohitetuksi 1v1; ei reagoi seinäsyöttöihin 3: Prässää hallitusti ohittumatta normaalitilanteissa 5: Voittaa 1v1-tilanteet toistuvasti; katkaisee yhdistelyt ennakoiden | H19: =IF(OR(D19="1",D19="2",E19="1",E19="2",D19=1,D19=2,E19=1,E19=2),IFERROR(VLOOKUP(A19,Harjoitepankki!$A:$D,4,FALSE()),""),"")
A20: CB-P4a | C20: a. Älä anna vastustajan ohittaa itseäsi, kun prässäät pallollista pelaajaa
A21: CB-P4b | C21: b. Pudota nopeasti alemmas katkaisemaan hyökkääjän mahdollinen eteneminen, jos hän pelaa yhteen joukkuetoverinsa kanssa (esim. seinäsyöttötilanteessa)
A22: CB-P5 | B22: RA sisällä | C22: 5. BOKSIN VAPAUTTAMINEN | F22: =IF(AND(D22<>"",E22<>""),D22-E22,"") | G22: 1: Jää boksiin puolustamaan turhaan; ei nosta linjaa 3: Poistuu boksista oikeissa tilanteissa; nostaa linjan takaisinsyötöistä 5: Johtaa linjan nostot äänellä ja esimerkillä; ajoitus ennakoiva | H22: =IF(OR(D22="1",D22="2",E22="1",E22="2",D22=1,D22=2,E22=1,E22=2),IFERROR(VLOOKUP(A22,Harjoitepankki!$A:$D,4,FALSE()),""),"")
A23: CB-P5a | C23: a. Älä valu puolustamaan rangaistusalueen sisälle, kun pallo on keskellä rangaistusalueen ulkopuolella
A24: CB-P5b | C24: b. Nosta linja vastustajan syöttäessä taaksepäin
A25: CB-P5c | C25: c. Poistu boksista, kun pallo on purettu
A26: CB-P6 | B26: RA sisällä | C26: 6. KESKITYKSEN PUOLUSTAMINEN | F26: =IF(AND(D26<>"",E26<>""),D26-E26,"") | G26: 1: Häviää keskityspaikat; ykköstolppa auki; kadottaa merkattavan 3: Puolustaa keskitykset ja oman alueensa luotettavasti 5: Hallitsee ilmatilan; voittaa 1v1-kamppailut boksissa; suojaa maalivahdin ja välin | H26: =IF(OR(D26="1",D26="2",E26="1",E26="2",D26=1,D26=2,E26=1,E26=2),IFERROR(VLOOKUP(A26,Harjoitepankki!$A:$D,4,FALSE()),""),"")
A27: CB-P6a | C27: a. Pudota nopeasti, kun keskitys puolustuslinjan ja maalivahdin väliin on mahdollinen
A28: CB-P6b | C28: b. Ykköstolpan alueen puolustaminen
A29: CB-P6c | C29: c. Puolusta maalintekijät 1v1 keskitystilanteessa
A30: CB-P7 | B30: RA sisällä | C30: 7. PUOLUSTAMINEN VAARA-ALUEILLA | F30: =IF(AND(D30<>"",E30<>""),D30-E30,"") | G30: 1: Antaa laukoa vapaasti; lopettaa tilanteet kesken 3: Estää laukaukset; puolustaa tilanteet loppuun 5: Erinomainen blokkaaja ja 1v1-puolustaja; kattaa kakkostolpan MV:n 1v1-tilanteissa | H30: =IF(OR(D30="1",D30="2",E30="1",E30="2",D30=1,D30=2,E30=1,E30=2),IFERROR(VLOOKUP(A30,Harjoitepankki!$A:$D,4,FALSE()),""),"")
A31: CB-P7a | C31: a. Puolusta 1v1 vaara-alueilla
A32: CB-P7b | C32: b. Prässää intensiivisesti ja estä laukaukset maalia kohti
A33: CB-P7c | C33: c. Jatka puolustamista, kunnes tilanne on ohi
A34: CB-P7d | C34: d. Kakkostolpan puolustaminen maalivahdin ollessa 1v1-tilanteessa
A35: CB-P8 | B35: Siirtymät | C35: 8. JATKOTILANTEIDEN ENNAKOINTI | F35: =IF(AND(D35<>"",E35<>""),D35-E35,"") | G35: 1: Yllättyy irtopalloista ja torjunnoista 3: Reagoi jatkotilanteisiin ajoissa 5: Ennakoi irtopallot ja pääpallokamppailujen pudotukset ennen muita | H35: =IF(OR(D35="1",D35="2",E35="1",E35="2",D35=1,D35=2,E35=1,E35=2),IFERROR(VLOOKUP(A35,Harjoitepankki!$A:$D,4,FALSE()),""),"")
A36: CB-P8a | C36: a. Ennakoi maalivahdin mahdollinen purkupallo
A37: CB-P8b | C37: b. Pudota alemmas (varmistamaan), kun toinen keskustoppari tai puolustava keskikenttäpelaaja menee pääpallo- tai ilmapallotilanteeseen pallon tullessa keskikaistaa pitkin
A38: CB-H0 | B38: Hyökkäys | C38: 0. TIEDON KERÄÄMINEN (SKANNAUS) | F38: =IF(AND(D38<>"",E38<>""),D38-E38,"") | G38: 1: Katse lukittuu palloon; vastaanotot selkä pelille; päätökset syntyvät vasta pallon kanssa 3: Skannaa säännöllisesti ennen vastaanottoa; peliasento pääosin avoin 5: Skannaa korkealla frekvenssillä myös paineessa; ratkaisu valmiina ennen palloa; peliasento avaa koko kentän | H38: =IF(OR(D38="1",D38="2",E38="1",E38="2",D38=1,D38=2,E38=1,E38=2),IFERROR(VLOOKUP(A38,Harjoitepankki!$A:$D,4,FALSE()),""),"")
A39: CB-H0a | C39: a. Diagonaalinen sijoittuminen suhteessa etu- ja takalinjoihin
A40: CB-H0b | C40: b. Avoin peliasento, joka mahdollistaa maksimaalisen tiedonkeruun
A41: CB-H0c | C41: c. Pään kääntäminen (skannaus) näkökentän täydentämiseksi ennen vastaanottoa ja sen aikana
A42: CB-H1 | B42: Hyökkäys | C42: 1. HYÖKKÄYSTASAPAINON YLLÄPITÄMINEN (asemahyökkäys) | F42: =IF(AND(D42<>"",E42<>""),D42-E42,"") | G42: 1: Väärä etäisyys linjassa; ei seuraa joukkueen nousua 3: Pitää tasapainon joukkueen edetessä 5: Optimoi asemansa jatkuvasti; mahdollistaa vastaprässin ja tilanteenvaihdon hallinnan | H42: =IF(OR(D42="1",D42="2",E42="1",E42="2",D42=1,D42=2,E42=1,E42=2),IFERROR(VLOOKUP(A42,Harjoitepankki!$A:$D,4,FALSE()),""),"")
A43: CB-H1a | C43: a. Tasapainota puolustuslinja leveyssuunnassa
A44: CB-H1b | C44: b. Ylläpidä syvyystasapaino joukkueen edetessä
A45: CB-H2 | B45: Hyökkäys | C45: 2. TUKIEN TARJOAMINEN | F45: =IF(AND(D45<>"",E45<>""),D45-E45,"") | G45: 1: Piiloutuu paineessa; suorat tukikulmat 3: Tarjoaa diagonaalisen tuen pallolliselle luotettavasti 5: Näyttäytyy aina pelattavana myös prässiä vastaan; tukikulmat avaavat käännöt | H45: =IF(OR(D45="1",D45="2",E45="1",E45="2",D45=1,D45=2,E45=1,E45=2),IFERROR(VLOOKUP(A45,Harjoitepankki!$A:$D,4,FALSE()),""),"")
A46: CB-H2a | C46: a. Tarjoa selkeä diagonaalinen tuki pallolliselle
A47: CB-H2b | C47: b. Tarjoa tuki välillisessä pelin kääntämisessä (kääntö tukipelaajan kautta)
A48: CB-H3 | B48: Hyökkäys | C48: 3. VARMISTAVAT SYÖTÖT | F48: =IF(AND(D48<>"",E48<>""),D48-E48,"") | G48: 1: Epätarkat avaukset; pallonmenetyksiä vaarallisilla alueilla 3: Rakentelee matalilla syötöillä varmasti; pystyy pitkään syöttöön 5: Molemmat jalat; murtava pitkä diagonaali; syöttövalinta rikkoo vastustajan prässilinjan | H48: =IF(OR(D48="1",D48="2",E48="1",E48="2",D48=1,D48=2,E48=1,E48=2),IFERROR(VLOOKUP(A48,Harjoitepankki!$A:$D,4,FALSE()),""),"")
A49: CB-H3a | C49: a. Maasyötöt pelin rakentamisessa / Maata pitkin rullaavat syötöt pelin avaamisvaiheessa
A50: CB-H3b | C50: b. Pitkät korkeat syötöt edun hakemiseksi
A51: CB-H4 | B51: Hyökkäys | C51: 4. YLIVOIMAN HAKEMINEN / LUOMINEN | F51: =IF(AND(D51<>"",E51<>""),D51-E51,"") | G51: 1: Ei uskalla kuljettaa; pelaa aina varman ensimmäisen syötön 3: Kääntää peliä ja käyttää kolmatta pelaajaa tilanteen salliessa 5: Kuljettaa rohkeasti sitoen prässääjän; luo ylivoiman keskikentälle; liittyy hyökkäykseen oikea-aikaisesti | H51: =IF(OR(D51="1",D51="2",E51="1",E51="2",D51=1,D51=2,E51=1,E51=2),IFERROR(VLOOKUP(A51,Harjoitepankki!$A:$D,4,FALSE()),""),"")
A52: CB-H4a | C52: a. Pelin kääntäminen (pelisuunnan vaihto)
A53: CB-H4b | C53: b. Kolmannen pelaajan hakeminen (syöttö kolmannelle)
A54: CB-H4c | C54: c. Sido vastustaja kuljettamalla ja luo tilaa
A55: CB-H4d | C55: d. Liity seuraavalle linjalle (nousu keskikentän tasolle)
C57: YHTEENSÄ | D57: =IF(D3="",0,D3)+IF(D8="",0,D8)+IF(D13="",0,D13)+IF(D19="",0,D19)+IF(D22="",0,D22)+IF(D26="",0,D26)+IF(D30="",0,D30)+IF(D35="",0,D35)+IF(D38="",0,D38)+IF(D42="",0,D42)+IF(D45="",0,D45)+IF(D48="",0,D48)+IF(D51="",0,D51) -> 0 | E57: =IF(E3="",0,E3)+IF(E8="",0,E8)+IF(E13="",0,E13)+IF(E19="",0,E19)+IF(E22="",0,E22)+IF(E26="",0,E26)+IF(E30="",0,E30)+IF(E35="",0,E35)+IF(E38="",0,E38)+IF(E42="",0,E42)+IF(E45="",0,E45)+IF(E48="",0,E48)+IF(E51="",0,E51) -> 0 | G57: Max 65 p (13 teemaa). Ero-sarake = valmentajan arvio − itsearvio: suuret erot ovat kehityskeskustelun ydin.
A59: ITSEARVIOINNIN AVOIMET KYSYMYKSET (pelaaja täyttää ennen keskustelua)
A60: 1. | B60: Missä kolmessa asiassa olen kehittynyt eniten viimeisen 3 kk:n aikana?
A61: 2. | B61: Mikä pelitilanne tuntuu vaikeimmalta ja miksi?
A62: 3. | B62: Keneltä huipputopparilta otan mallia ja mitä konkreettista hänen pelistään?
A63: 4. | B63: Mitkä 2–3 KPI:tä valitsen seuraavan jakson painopisteiksi?
A64: 5. | B64: Mitä teen itsenäisesti (harjoitusten ulkopuolella) näiden eteen?
A66: KEHITYSSOPIMUS (täytetään yhdessä keskustelussa)
A67: Painopiste 1 (koodi + tavoite):
A68: Painopiste 2 (koodi + tavoite):
A69: Painopiste 3 (valinnainen):
A70: Konkreettiset toimet ja harjoitteet (ks. Harjoitepankki):
A71: Mittarit / miten kehitys todennetaan:
A72: Seurantapäivä:
A73: Allekirjoitukset (pelaaja & valmentaja):

Sheet FB Laitapuolustaja
A1: LAITAPUOLUSTAJA (FB) – skouttaus + itsearviointi + kehityskeskustelu samalla sivulla
A2: Koodi | B2: Vyöhyke | C2: Teema / konseptit (KPI) | D2: Valm. arvio | E2: Itsearvio | F2: Ero | G2: Kriteerit 1 / 3 / 5 | H2: Harjoitesuositus (automaattinen, kun arvio 1–2) | I2: Huomiot
A3: FB-P1 | B3: RA ulkopuolella | C3: 1. PUOLUSTUSTASAPAINON YLLÄPITÄMINEN | F3: =IF(AND(D3<>"",E3<>""),D3-E3,"") | G3: 1: Jää irti linjasta; väärä syvyys; ei palauta tasapainoa tilanteen rikkoutuessa 3: Pitää linjan leveys- ja syvyystasapainon normaalitilanteissa 5: Säätää asemaansa jatkuvasti ennakoiden; korjaa linjan tasapainon ennen kuin vaara syntyy | H3: =IF(OR(D3="1",D3="2",E3="1",E3="2",D3=1,D3=2,E3=1,E3=2),IFERROR(VLOOKUP(A3,Harjoitepankki!$A:$D,4,FALSE()),""),"")
A4: FB-P1a | C4: a. Pidä puolustuslinjan tasapaino leveyssuunnassa
A5: FB-P1b | C5: b. Pidä puolustuslinjan tasapaino syvyyssuunnassa
A6: FB-P1c | C6: c. Tasapainota puolustuslinja uudelleen tilanteen rikkoutuessa
A7: FB-P2 | B7: RA ulkopuolella | C7: 2. MERKATTAVAN PELAAJAN TUNNISTAMINEN | F7: =IF(AND(D7<>"",E7<>""),D7-E7,"") | G7: 1: Kadottaa laiturinsa; katse vain pallossa; yllättyy selustaan tulevista liikkeistä 3: Pitää pallon ja vastustajan näkökentässä; tunnistaa merkattavan ja mukauttaa sijoittumistaan 5: Ennakoi vastustajan laiturin liikkeet; tiivistää oikea-aikaisesti; valpas myös oman joukkueen hyökätessä | H7: =IF(OR(D7="1",D7="2",E7="1",E7="2",D7=1,D7=2,E7=1,E7=2),IFERROR(VLOOKUP(A7,Harjoitepankki!$A:$D,4,FALSE()),""),"")
A8: FB-P2a | C8: a. Sijoitu oikeassa peliasennossa (rintamasuunta ja kehon asento siten, että pystyt reagoimaan nopeasti joka suuntaan) / pidä pallo ja vastustaja näkökentässäsi
A9: FB-P2b | C9: b. Tunnista merkattava pelaaja ja korjaa tai mukauta omaa sijoittumistasi
A10: FB-P2c | C10: c. Pienennä tilaa, kun vartioitavalla pelaajalla on mahdollisuus osallistua peliin (vastaanottaa pallon)
A11: FB-P2d | C11: d. Säilytä valppaus merkattavasta pelaajasta oman joukkueen hyökätessä
A12: FB-P3 | B12: RA ulkopuolella | C12: 3. TILAN PUOLUSTAMINEN | F12: =IF(AND(D12<>"",E12<>""),D12-E12,"") | G12: 1: Ei varmista keskustopparia; laidan selusta jää auki; syvyysjuoksut karkaavat 3: Varmistaa keskustopparia ja pudottaa vapaaseen tilaan luotettavasti 5: Lukee syvyysjuoksut aikaisin; varmistuskulmat ja -etäisyydet optimaaliset; laidan selusta ei aukea | H12: =IF(OR(D12="1",D12="2",E12="1",E12="2",D12=1,D12=2,E12=1,E12=2),IFERROR(VLOOKUP(A12,Harjoitepankki!$A:$D,4,FALSE()),""),"")
A13: FB-P3a | C13: a. Varmista keskustopparia, joka prässää pallollista pelaajaa
A14: FB-P3b | C14: b. Pudota nopeasti alemmas ennakoiden syötöt tyhjään tilaan
A15: FB-P3c | C15: c. Seuraa miesvartioinnilla hyökkääjien vapaat juoksut syvyyteen
A16: FB-P4 | B16: RA ulkopuolella | C16: 4. PALLOLLISEN PUOLUSTAMINEN | F16: =IF(AND(D16<>"",E16<>""),D16-E16,"") | G16: 1: Ohitetaan 1v1-tilanteissa; ei ohjaa vastustajaa; syöttäjä karkaa seinäsyöttöön 3: Prässää hallitusti ja ohjaa vastustajan pois vaarallisilta alueilta 5: Voittaa laidan 1v1-tilanteet toistuvasti; ohjaa vastustajan ansaan (sivurajaa/varmistusta kohti); katkaisee yhdistelyt | H16: =IF(OR(D16="1",D16="2",E16="1",E16="2",D16=1,D16=2,E16=1,E16=2),IFERROR(VLOOKUP(A16,Harjoitepankki!$A:$D,4,FALSE()),""),"")
A17: FB-P4a | C17: a. Älä anna vastustajan ohittaa itseäsi, kun prässäät pallollista pelaajaa
A18: FB-P4b | C18: b. Ohjaa vastustaja (puolustuksen kannalta) edullisille alueille
A19: FB-P4c | C19: c. Estä pelaajan eteneminen syötön jälkeen (älä päästä syöttäjää liikkeelle syöttönsä perään)
A20: FB-P5 | B20: RA sisällä | C20: 5. RANGAISTUSALUEEN VAPAUTTAMINEN | F20: =IF(AND(D20<>"",E20<>""),D20-E20,"") | G20: 1: Valuu rangaistusalueelle turhaan; jää alas purkupallojen jälkeen 3: Pysyy poissa rangaistusalueelta ja poistuu sieltä oikeissa tilanteissa 5: Ajoittaa poistumiset ja linjan nostot ennakoivasti; kommunikoi keskustoppareiden kanssa | H20: =IF(OR(D20="1",D20="2",E20="1",E20="2",D20=1,D20=2,E20=1,E20=2),IFERROR(VLOOKUP(A20,Harjoitepankki!$A:$D,4,FALSE()),""),"")
A21: FB-P5a | C21: a. Älä valu puolustamaan rangaistusalueen sisälle, kun pallo on keskikaistalla
A22: FB-P5b | C22: b. Poistu rangaistusalueelta (boksista), kun oma joukkue pystyy siivoamaan pallon pois vaara-alueelta / päätyalueelta
A23: FB-P6 | B23: RA sisällä | C23: 6. KESKITYKSEN PUOLUSTAMINEN | F23: =IF(AND(D23<>"",E23<>""),D23-E23,"") | G23: 1: Selusta aukeaa keskityksille; väärä asema keskityslinjaan nähden; kakkostolpan pelaaja unohtuu 3: Puolustaa keskitykset omalta laidaltaan ja kaventaa vastakkaiselta laidalta luotettavasti 5: Hallitsee molemmat roolit (pallonpuoleinen/vastakkainen laita); voittaa 1v1-tilanteet rangaistusalueella; pelaa irtopallot | H23: =IF(OR(D23="1",D23="2",E23="1",E23="2",D23=1,D23=2,E23=1,E23=2),IFERROR(VLOOKUP(A23,Harjoitepankki!$A:$D,4,FALSE()),""),"")
A24: FB-P6a | C24: a. Laitatilanteissa, joista pallo voidaan keskittää puolustajien selustaan (puolustuslinjan taakse), pudota asemastasi alaspäin niin nopeasti kuin mahdollista auttaaksesi joukkuetoveriasi
A25: FB-P6b | C25: b. Sijoitu keskityslinjalle (pallonpuoleinen laitapuolustaja)
A26: FB-P6c | C26: c. Puolusta miesvartioinnilla viimeistelemään tulevaa pelaajaa (vastakkaisen laidan laitapuolustaja)
A27: FB-P6d | C27: d. Jatka puolustamista, jos keskitys ylittää meidät, ja auta joukkuetovereita mahdollisissa irtopalloissa
A28: FB-P7 | B28: RA sisällä | C28: 7. PUOLUSTAMINEN VAARA-ALUEILLA | F28: =IF(AND(D28<>"",E28<>""),D28-E28,"") | G28: 1: Häviää miesvartioinnit; antaa viimeistellä vapaasti 3: Pitää miesvartiointinsa ja häiritsee viimeistelyt 5: Erinomainen 1v1-puolustaja vaara-alueilla; estää tilanteen päätökset johdonmukaisesti | H28: =IF(OR(D28="1",D28="2",E28="1",E28="2",D28=1,D28=2,E28=1,E28=2),IFERROR(VLOOKUP(A28,Harjoitepankki!$A:$D,4,FALSE()),""),"")
A29: FB-P7a | C29: a. Miesvartiointi (1v1-puolustaminen) vaara-alueilla
A30: FB-P7b | C30: b. Seuraa vastustajaa estääksesi tilanteiden päättämisen (laukaus tai viimeistely)
A31: FB-P8 | B31: Siirtymät | C31: 8. JATKOTILANTEIDEN ENNAKOINTI | F31: =IF(AND(D31<>"",E31<>""),D31-E31,"") | G31: 1: Yllättyy irtopalloista; jää katsomaan kamppailuja 3: Reagoi jatkotilanteisiin ajoissa 5: Ennakoi torjunnasta irtoavat pallot ja kamppailujen pudotukset; siirtyy keskikaistalle automaattisesti | H31: =IF(OR(D31="1",D31="2",E31="1",E31="2",D31=1,D31=2,E31=1,E31=2),IFERROR(VLOOKUP(A31,Harjoitepankki!$A:$D,4,FALSE()),""),"")
A32: FB-P8a | C32: a. Kun hyökkääjä laukoo, ennakoi maalivahdin torjunnasta irtoava pallo
A33: FB-P8b | C33: b. Kun keskustoppari tai puolustava keskikenttäpelaaja hyppää ilmapallokamppailuun vastustajan kanssa, pudota alemmas ja siirry kohti keskikaistaa
A34: FB-H0 | B34: Hyökkäys | C34: 0. TIEDON KERÄÄMINEN (SKANNAUS) | F34: =IF(AND(D34<>"",E34<>""),D34-E34,"") | G34: 1: Katse lukittuu palloon; vastaanotot suljetulla peliasennolla; ratkaisut syntyvät vasta pallon kanssa 3: Skannaa säännöllisesti ennen vastaanottoa; peliasento pääosin avoin 5: Skannaa korkealla frekvenssillä myös paineessa; ratkaisu valmiina ennen palloa; näkee sisäkaistat ja oman laidan | H34: =IF(OR(D34="1",D34="2",E34="1",E34="2",D34=1,D34=2,E34=1,E34=2),IFERROR(VLOOKUP(A34,Harjoitepankki!$A:$D,4,FALSE()),""),"")
A35: FB-H0a | C35: a. Diagonaalinen sijoittuminen suhteessa etu- ja takalinjoihin
A36: FB-H0b | C36: b. Avoin peliasento, joka mahdollistaa maksimaalisen tiedonkeruun
A37: FB-H0c | C37: c. Pään kääntäminen (skannaus) näkökentän täydentämiseksi ennen vastaanottoa ja sen aikana
A38: FB-H1 | B38: Hyökkäys | C38: 1. HYÖKKÄYSTASAPAINON YLLÄPITÄMINEN | F38: =IF(AND(D38<>"",E38<>""),D38-E38,"") | G38: 1: Nousee väärään aikaan; jättää laidan selustan auki menetyksissä 3: Pitää tasapainon joukkueen edetessä; nousut hallittuja 5: Tasapainottaa nousunsa suhteessa laituriin ja keskustoppareihin; tilanteenvaihtovalmius jatkuva | H38: =IF(OR(D38="1",D38="2",E38="1",E38="2",D38=1,D38=2,E38=1,E38=2),IFERROR(VLOOKUP(A38,Harjoitepankki!$A:$D,4,FALSE()),""),"")
A39: FB-H1a | C39: a. Tasapainota puolustuslinja leveyssuunnassa
A40: FB-H1b | C40: b. Pidä syvyystasapaino joukkueen edetessä
A41: FB-H2 | B41: Hyökkäys | C41: 2. TUKIEN TARJOAMINEN | F41: =IF(AND(D41<>"",E41<>""),D41-E41,"") | G41: 1: Piiloutuu prässin taakse; tukikulmat suorassa linjassa 3: Tarjoaa diagonaalisen tuen pallolliselle luotettavasti 5: Näyttäytyy aina pelattavana; tukikulmat avaavat etenemisen; palvelee myös toisesta linjasta tulevia | H41: =IF(OR(D41="1",D41="2",E41="1",E41="2",D41=1,D41=2,E41=1,E41=2),IFERROR(VLOOKUP(A41,Harjoitepankki!$A:$D,4,FALSE()),""),"")
A42: FB-H2a | C42: a. Tarjoa diagonaalinen tuki pallolliselle pelaajalle
A43: FB-H2b | C43: b. Tarjoa tuki toisesta linjasta palloa hakemaan tuleville pelaajille
A44: FB-H3 | B44: Hyökkäys | C44: 3. VARMISTAVAT SYÖTÖT | F44: =IF(AND(D44<>"",E44<>""),D44-E44,"") | G44: 1: Epätarkat syötöt; pallonmenetyksiä omalla kenttäpuoliskolla 3: Rakentaa maasyötöillä varmasti normaalipaineessa 5: Syöttövarmuus säilyy kovassakin prässissä; rikkoo ensimmäisen prässilinjan syötöllään | H44: =IF(OR(D44="1",D44="2",E44="1",E44="2",D44=1,D44=2,E44=1,E44=2),IFERROR(VLOOKUP(A44,Harjoitepankki!$A:$D,4,FALSE()),""),"")
A45: FB-H3a | C45: a. Maasyötöt pelin rakentamisessa
A46: FB-H4 | B46: Hyökkäys | C46: 4. YLIVOIMAN HAKEMINEN / LUOMINEN | F46: =IF(AND(D46<>"",E46<>""),D46-E46,"") | G46: 1: Pelaa vain varman pitkittäissyötön laituriin; ei näe sisäkaistoja 3: Löytää sisäkaistojen pelaajat ja kääntää peliä tilanteen salliessa 5: Syöttövalinnat luovat systemaattisesti etua (sisäkaista, kääntö, syöttö etuun); vaihtelee ratkaisujaan lukukelvottomasti | H46: =IF(OR(D46="1",D46="2",E46="1",E46="2",D46=1,D46=2,E46=1,E46=2),IFERROR(VLOOKUP(A46,Harjoitepankki!$A:$D,4,FALSE()),""),"")
A47: FB-H4a | C47: a. Etsi sisäkaistojen pelaajia, joilla on etu vastustajaansa nähden
A48: FB-H4b | C48: b. Käännä pelin suunta (pelinkääntö)
A49: FB-H4c | C49: c. Syötä pallo laiturille tai keskikenttäpelaajalle niin, että hän saa edun omalla puolellaan (syöttö etuun)
A50: FB-H5 | B50: Hyökkäys | C50: 5. HYÖKKÄYKSEEN MUKAAN NOUSEMINEN | F50: =IF(AND(D50<>"",E50<>""),D50-E50,"") | G50: 1: Ei nouse mukaan hyökkäyksiin tai nousee väärään aikaan 3: Nousee mukaan hyökkäykseen oikeissa tilanteissa ja luo leveyttä 5: Mukaan nousujen ajoitus erinomainen; luo toistuvasti 2v1-tilanteita laidalle; valinta nousun ja tasapainon välillä aina perusteltu | H50: =IF(OR(D50="1",D50="2",E50="1",E50="2",D50=1,D50=2,E50=1,E50=2),IFERROR(VLOOKUP(A50,Harjoitepankki!$A:$D,4,FALSE()),""),"")
A51: FB-H5a | C51: a. Nouse mukaan (hyökkäykseen) hyödyntääksesi syntyneen vapaan tilan
A52: FB-H5b | C52: b. Hae ylivoimatilannetta tai ratkaise tasavoimatilanne
C54: YHTEENSÄ | D54: =IF(D3="",0,D3)+IF(D7="",0,D7)+IF(D12="",0,D12)+IF(D16="",0,D16)+IF(D20="",0,D20)+IF(D23="",0,D23)+IF(D28="",0,D28)+IF(D31="",0,D31)+IF(D34="",0,D34)+IF(D38="",0,D38)+IF(D41="",0,D41)+IF(D44="",0,D44)+IF(D46="",0,D46)+IF(D50="",0,D50) -> 0 | E54: =IF(E3="",0,E3)+IF(E7="",0,E7)+IF(E12="",0,E12)+IF(E16="",0,E16)+IF(E20="",0,E20)+IF(E23="",0,E23)+IF(E28="",0,E28)+IF(E31="",0,E31)+IF(E34="",0,E34)+IF(E38="",0,E38)+IF(E41="",0,E41)+IF(E44="",0,E44)+IF(E46="",0,E46)+IF(E50="",0,E50) -> 0 | G54: Max 70 p (14 teemaa). Ero-sarake = valmentajan arvio − itsearvio: suuret erot ovat kehityskeskustelun ydin.
A56: ITSEARVIOINNIN AVOIMET KYSYMYKSET (pelaaja täyttää ennen keskustelua)
A57: 1. | B57: Missä kolmessa asiassa olen kehittynyt eniten viimeisen 3 kk:n aikana?
A58: 2. | B58: Mikä pelitilanne tuntuu vaikeimmalta ja miksi (esim. 1v1 nopeaa laituria vastaan, kaventaminen keskityksissä, nousujen ajoitus)?
A59: 3. | B59: Keneltä huippulaitapuolustajalta otan mallia ja mitä konkreettista hänen pelistään?
A60: 4. | B60: Mitkä 2–3 KPI:tä valitsen seuraavan jakson painopisteiksi?
A61: 5. | B61: Mitä teen itsenäisesti (harjoitusten ulkopuolella) näiden eteen?
A63: KEHITYSSOPIMUS (täytetään yhdessä keskustelussa)
A64: Painopiste 1 (koodi + tavoite):
A65: Painopiste 2 (koodi + tavoite):
A66: Painopiste 3 (valinnainen):
A67: Konkreettiset toimet ja harjoitteet (ks. Harjoitepankki):
A68: Mittarit / miten kehitys todennetaan:
A69: Seurantapäivä:
A70: Allekirjoitukset (pelaaja & valmentaja):

Sheet MID Keskikenttä
A1: KESKIKENTTÄPELAAJA (MID) – skouttaus + itsearviointi + kehityskeskustelu samalla sivulla
A2: Koodi | B2: Vyöhyke | C2: Teema / konseptit (KPI) | D2: Valm. arvio | E2: Itsearvio | F2: Ero | G2: Kriteerit 1 / 3 / 5 | H2: Harjoitesuositus (automaattinen, kun arvio 1–2) | I2: Huomiot
A3: MID-P1 | B3: RA ulkopuolella | C3: 1. PUOLUSTUSTASAPAINON YLLÄPITÄMINEN | F3: =IF(AND(D3<>"",E3<>""),D3-E3,"") | G3: 1: Keskusta aukeaa; etäisyydet keskikenttälinjassa väärät; ei paikkaa tilanteen rikkoutuessa 3: Pitää keskikenttälinjan tasapainon leveys- ja syvyyssuunnassa normaalitilanteissa 5: Ohjaa keskikenttälinjan etäisyyksiä jatkuvasti; sulkee keskustan ennakoivasti; korjaa myös puolustuslinjan tasapainoa tarvittaessa | H3: =IF(OR(D3="1",D3="2",E3="1",E3="2",D3=1,D3=2,E3=1,E3=2),IFERROR(VLOOKUP(A3,Harjoitepankki!$A:$D,4,FALSE()),""),"")
A4: MID-P1a | C4: a. Pidä tasapaino leveyssuunnassa keskikentän keskialueella
A5: MID-P1b | C5: b. Pidä puolustuksellinen tasapaino syvyyssuunnassa keskikentän keskialueella
A6: MID-P1c | C6: c. Tasapainota puolustuslinja uudelleen tilanteen rikkoutuessa
A7: MID-P2 | B7: RA ulkopuolella | C7: 2. MERKATTAVAN PELAAJAN TUNNISTAMINEN | F7: =IF(AND(D7<>"",E7<>""),D7-E7,"") | G7: 1: Kadottaa suoran vastustajansa; ei näe kärkeä selustassaan; prässi aukaisee syöttölinjat 3: Pitää joukkuetoverit, vastustajan ja kärjen näkökentässään; sijoittuu oikein 5: Sulkee syöttölinjat varjostamalla ennakoivasti; prässi ja sijoittuminen palvelevat joukkueen organisoitua prässiä | H7: =IF(OR(D7="1",D7="2",E7="1",E7="2",D7=1,D7=2,E7=1,E7=2),IFERROR(VLOOKUP(A7,Harjoitepankki!$A:$D,4,FALSE()),""),"")
A8: MID-P2a | C8: a. Sijoitu oikeassa peliasennossa / pidä näkökentässäsi joukkuetoverit, suora vastustajasi ja keskustassa oleva kärkipelaaja
A9: MID-P2b | C9: b. Sijoitu oikein suhteessa vastustajan sijaintiin
A10: MID-P2c | C10: c. Vähennä vastustajan syöttövaihtoehtoja organisoidussa prässissä
A11: MID-P3 | B11: RA ulkopuolella | C11: 3. TILAN PUOLUSTAMINEN | F11: =IF(AND(D11<>"",E11<>""),D11-E11,"") | G11: 1: Ei varmista linjoja; jää ylös kun syöttö ylittää linjan; syvyysjuoksut karkaavat 3: Varmistaa keskikenttä- tai puolustuslinjaa ja pudottaa luotettavasti 5: Lukee tilanteet aikaisin; varmistukset molempiin linjoihin saumattomia; seuraa juoksut laidalle asti | H11: =IF(OR(D11="1",D11="2",E11="1",E11="2",D11=1,D11=2,E11=1,E11=2),IFERROR(VLOOKUP(A11,Harjoitepankki!$A:$D,4,FALSE()),""),"")
A12: MID-P3a | C12: a. Varmistukset keskikenttälinjassa tai puolustuslinjassa pallon puolella
A13: MID-P3b | C13: b. Puolusta taaksepäin (pudota), jos syöttö ylittää oman pelilinjamme
A14: MID-P3c | C14: c. Seuraa keskikenttäpelaajan syvyysjuoksuja tämän liikkuessa laidalle
A15: MID-P4 | B15: RA ulkopuolella | C15: 4. PALLOLLISEN PUOLUSTAMINEN | F15: =IF(AND(D15<>"",E15<>""),D15-E15,"") | G15: 1: Prässi ohitetaan helposti; keskustan välitilasyötöt menevät läpi 3: Prässää hallitusti ja peittää etenemissyötöt keskustassa 5: Prässin ajoitus ja peittokulmat erinomaiset; pakottaa vastustajan taakse- tai sivusuuntaan toistuvasti | H15: =IF(OR(D15="1",D15="2",E15="1",E15="2",D15=1,D15=2,E15=1,E15=2),IFERROR(VLOOKUP(A15,Harjoitepankki!$A:$D,4,FALSE()),""),"")
A16: MID-P4a | C16: a. Prässää pallollista niin, ettei hän saa tilanteen aloitetta itselleen
A17: MID-P4b | C17: b. Estä eteenpäin suuntautuvat syötöt keskustassa
A18: MID-P5 | B18: RA sisällä | C18: 5. RANGAISTUSALUEEN VAPAUTTAMINEN | F18: =IF(AND(D18<>"",E18<>""),D18-E18,"") | G18: 1: Jää rangaistusalueelle puolustamaan turhaan 3: Poistuu rangaistusalueelta oikeissa tilanteissa 5: Ajoittaa poistumiset ennakoivasti ja komentaa linjan nostot mukana | H18: =IF(OR(D18="1",D18="2",E18="1",E18="2",D18=1,D18=2,E18=1,E18=2),IFERROR(VLOOKUP(A18,Harjoitepankki!$A:$D,4,FALSE()),""),"")
A19: MID-P5a | C19: a. Poistu rangaistusalueelta, kun pystymme siivoamaan pallon pois päätyalueelta
A20: MID-P6 | B20: RA sisällä | C20: 6. KESKITYKSEN PUOLUSTAMINEN | F20: =IF(AND(D20<>"",E20<>""),D20-E20,"") | G20: 1: Ei tunnista epätasapainoa; rangaistusalueen reuna (takaviistosyötöt) jää auki 3: Pudottautuu tarvittaessa keskustopparin rooliin; puolustaa takaviistoon tulevat pallot 5: Tunnistaa epätasapainon aikaisin ja paikkaa saumattomasti; hallitsee rangaistusalueen reunan tilanteet | H20: =IF(OR(D20="1",D20="2",E20="1",E20="2",D20=1,D20=2,E20=1,E20=2),IFERROR(VLOOKUP(A20,Harjoitepankki!$A:$D,4,FALSE()),""),"")
A21: MID-P6a | C21: a. Ota keskustopparin rooli keskityspuolustuksessa, jos puolustuslinjassa on epätasapaino
A22: MID-P6b | C22: b. Puolusta takaviistoon tulevat syötöt (rangaistusalueen reunalle), kun vastustaja saa edun päätyrajalla
A23: MID-P7 | B23: RA sisällä | C23: 7. PUOLUSTAMINEN VAARA-ALUEILLA | F23: =IF(AND(D23<>"",E23<>""),D23-E23,"") | G23: 1: Passiivinen rangaistusalueella; ei ota miesvartiointivastuuta 3: Ottaa keskustopparin tehtävät vaara-alueilla luotettavasti 5: Puolustaa vaara-alueilla kuin keskustoppari: miesvartiointi, blokit ja tilanteiden loppuun puolustaminen | H23: =IF(OR(D23="1",D23="2",E23="1",E23="2",D23=1,D23=2,E23=1,E23=2),IFERROR(VLOOKUP(A23,Harjoitepankki!$A:$D,4,FALSE()),""),"")
A24: MID-P7a | C24: a. Toimi kuten keskustoppari (miesvartiointi ja tilanteiden loppuun puolustaminen)
A25: MID-P8 | B25: Siirtymät | C25: 8. JATKOTILANTEIDEN ENNAKOINTI | F25: =IF(AND(D25<>"",E25<>""),D25-E25,"") | G25: 1: Ei katkoja; yllättyy oman joukkueen menetyksistä 3: Katkoo syöttöjä alueellaan ja reagoi menetyksiin ajoissa 5: Ennakoi sekä vastustajan syötöt että oman joukkueen menetykset; ensimmäisenä vastaprässissä | H25: =IF(OR(D25="1",D25="2",E25="1",E25="2",D25=1,D25=2,E25=1,E25=2),IFERROR(VLOOKUP(A25,Harjoitepankki!$A:$D,4,FALSE()),""),"")
A26: MID-P8a | C26: a. Ennakoi syötöt omalla pelialueellasi tai vartioimallesi pelaajalle
A27: MID-P8b | C27: b. Ennakoi pallonmenetyksen mahdollisuus oman joukkueen rakentaessa peliä
A28: MID-H0 | B28: Hyökkäys | C28: 0. TIEDON KERÄÄMINEN (SKANNAUS) | F28: =IF(AND(D28<>"",E28<>""),D28-E28,"") | G28: 1: Katse lukittuu palloon; vastaanotot suljetulla peliasennolla; ratkaisut syntyvät vasta pallon kanssa 3: Skannaa säännöllisesti ennen vastaanottoa; peliasento pääosin avoin 5: Skannaa korkealla frekvenssillä myös paineessa; pelaa yhdellä–kahdella kosketuksella eteenpäin, koska ratkaisu on valmiina | H28: =IF(OR(D28="1",D28="2",E28="1",E28="2",D28=1,D28=2,E28=1,E28=2),IFERROR(VLOOKUP(A28,Harjoitepankki!$A:$D,4,FALSE()),""),"")
A29: MID-H0a | C29: a. Diagonaalinen sijoittuminen suhteessa etu- ja takalinjoihin
A30: MID-H0b | C30: b. Avoin peliasento, joka mahdollistaa maksimaalisen tiedonkeruun
A31: MID-H0c | C31: c. Pään kääntäminen (skannaus) näkökentän täydentämiseksi ennen vastaanottoa ja sen aikana
A32: MID-H1 | B32: Hyökkäys | C32: 1. HYÖKKÄYSTASAPAINON YLLÄPITÄMINEN | F32: =IF(AND(D32<>"",E32<>""),D32-E32,"") | G32: 1: Väärällä korkeudella suhteessa palloon; samassa linjassa syöttäjän kanssa; menetys johtaa suoraan vastahyökkäykseen 3: Säilyttää tasapainoisen ja diagonaalisen sijoittumisen 5: Sijoittuminen luo jatkuvasti syöttölinjan ja turvaa samalla joukkueen tasapainon menetyksen varalta | H32: =IF(OR(D32="1",D32="2",E32="1",E32="2",D32=1,D32=2,E32=1,E32=2),IFERROR(VLOOKUP(A32,Harjoitepankki!$A:$D,4,FALSE()),""),"")
A33: MID-H1a | C33: a. Tasapainon säilyttäminen ryhmityksessä
A34: MID-H1b | C34: b. Diagonaalinen sijoittuminen suhteessa etu- ja takalinjoihin
A35: MID-H1c | C35: c. Varmista joukkueen puolustuksellinen tasapaino hyökkäyksen aikana
A36: MID-H2 | B36: Hyökkäys | C36: 2. TUKIEN TARJOAMINEN | F36: =IF(AND(D36<>"",E36<>""),D36-E36,"") | G36: 1: Piiloutuu vastustajan taakse; ei tarjoa tukea paineessa; syöttölinjat pysyvät kiinni 3: Tarjoaa tuen muodon sisällä ja takaa pelin jatkuvuuden 5: Elää jatkuvasti syöttölinjojen välissä; hätätuki aina saatavilla; avaa liikkeellään linjoja muille | H36: =IF(OR(D36="1",D36="2",E36="1",E36="2",D36=1,D36=2,E36=1,E36=2),IFERROR(VLOOKUP(A36,Harjoitepankki!$A:$D,4,FALSE()),""),"")
A37: MID-H2a | C37: a. Tarjoa tuki pelin sisällä (muodon sisässä pelaaminen)
A38: MID-H2b | C38: b. Tarjoa tuki niin, että saat edun suoraan vastustajaasi nähden
A39: MID-H2c | C39: c. Tarjoa tuki pelin jatkuvuuden takaamiseksi
A40: MID-H2d | C40: d. Tarjoa hätätuki pallolliselle paineen alla
A41: MID-H2e | C41: e. Avaa syöttölinjoja muille pelaajille omalla liikkeelläsi
A42: MID-H3 | B42: Hyökkäys | C42: 3. PELIN AVAAMISEN VARMISTAMINEN | F42: =IF(AND(D42<>"",E42<>""),D42-E42,"") | G42: 1: Ei näyttäydy avausvaiheessa; avaus ohittaa keskikentän 3: Tukee avausta luotettavasti ensimmäisen linjan pelaajille 5: Tekee avausvaiheesta hallittua: liikkuu oikeaan tilaan oikeaan aikaan, tarvittaessa oman pelipaikan ulkopuolelle | H42: =IF(OR(D42="1",D42="2",E42="1",E42="2",D42=1,D42=2,E42=1,E42=2),IFERROR(VLOOKUP(A42,Harjoitepankki!$A:$D,4,FALSE()),""),"")
A43: MID-H3a* | C43: a*. Tarjoa jatkuvuustuki ensimmäisen linjan pelaajille (toppareille)
A44: MID-H3b* | C44: b*. Tarjoa tuki toisen linjan pelaajille
A45: MID-H3c* | C45: c*. Tarjoa tuki tarvittaessa oman pelipaikan ulkopuolelta
A46: MID-H4 | B46: Hyökkäys | C46: 4. HYÖKKÄYSPELIN ORGANISOINTI | F46: =IF(AND(D46<>"",E46<>""),D46-E46,"") | G46: 1: Turhia kuljetuksia ja riskisyöttöjä; peli pysähtyy hänen kohdallaan 3: Organisoi peliä syöttämällä; ohjaa pelin edullisille alueille tilanteen salliessa 5: Pelin rytmittäjä: eteneminen–riski-suhde optimaalinen, syötöt antavat vastaanottajalle edun, liike jatkuu syötön jälkeen | H46: =IF(OR(D46="1",D46="2",E46="1",E46="2",D46=1,D46=2,E46=1,E46=2),IFERROR(VLOOKUP(A46,Harjoitepankki!$A:$D,4,FALSE()),""),"")
A47: MID-H4a | C47: a. Suosi syöttöpeliä kuljettamisen sijaan
A48: MID-H4b | C48: b. Hae etenevää peliä minimoiden pallonmenetyksen riski
A49: MID-H4c | C49: c. Ohjaa peli edullisille alueille
A50: MID-H4d | C50: d. Liikuta palloa, kun edullisia alueita ei ole tarjolla
A51: MID-H4e | C51: e. Syötä niin, että vastaanottaja saa edun (syöttö etuun)
A52: MID-H4f | C52: f. Tarjoa jatkuvuus pelille syötön jälkeen (liike syötön jälkeen)
C54: YHTEENSÄ | D54: =IF(D3="",0,D3)+IF(D7="",0,D7)+IF(D11="",0,D11)+IF(D15="",0,D15)+IF(D18="",0,D18)+IF(D20="",0,D20)+IF(D23="",0,D23)+IF(D25="",0,D25)+IF(D28="",0,D28)+IF(D32="",0,D32)+IF(D36="",0,D36)+IF(D42="",0,D42)+IF(D46="",0,D46) -> 0 | E54: =IF(E3="",0,E3)+IF(E7="",0,E7)+IF(E11="",0,E11)+IF(E15="",0,E15)+IF(E18="",0,E18)+IF(E20="",0,E20)+IF(E23="",0,E23)+IF(E25="",0,E25)+IF(E28="",0,E28)+IF(E32="",0,E32)+IF(E36="",0,E36)+IF(E42="",0,E42)+IF(E46="",0,E46) -> 0 | G54: Max 65 p (13 teemaa). Ero-sarake = valmentajan arvio − itsearvio: suuret erot ovat kehityskeskustelun ydin.
A56: ITSEARVIOINNIN AVOIMET KYSYMYKSET (pelaaja täyttää ennen keskustelua)
A57: 1. | B57: Missä kolmessa asiassa olen kehittynyt eniten viimeisen 3 kk:n aikana?
A58: 2. | B58: Mikä pelitilanne tuntuu vaikeimmalta ja miksi (esim. vastaanotto prässin alla, keskustan puolustaminen alivoimassa, pelin kääntäminen)?
A59: 3. | B59: Keneltä huippukeskikenttäpelaajalta otan mallia ja mitä konkreettista hänen pelistään?
A60: 4. | B60: Mitkä 2–3 KPI:tä valitsen seuraavan jakson painopisteiksi?
A61: 5. | B61: Mitä teen itsenäisesti (harjoitusten ulkopuolella) näiden eteen?
A63: KEHITYSSOPIMUS (täytetään yhdessä keskustelussa)
A64: Painopiste 1 (koodi + tavoite):
A65: Painopiste 2 (koodi + tavoite):
A66: Painopiste 3 (valinnainen):
A67: Konkreettiset toimet ja harjoitteet (ks. Harjoitepankki):
A68: Mittarit / miten kehitys todennetaan:
A69: Seurantapäivä:
A70: Allekirjoitukset (pelaaja & valmentaja):

Sheet AMID Kymppi
A1: HYÖKKÄÄVÄ KESKIKENTTÄPELAAJA (AMID) – skouttaus + itsearviointi + kehityskeskustelu samalla sivulla
A2: Koodi | B2: Vyöhyke | C2: Teema / konseptit (KPI) | D2: Valm. arvio | E2: Itsearvio | F2: Ero | G2: Kriteerit 1 / 3 / 5 | H2: Harjoitesuositus (automaattinen, kun arvio 1–2) | I2: Huomiot
A3: AMID-P1 | B3: RA ulkopuolella | C3: 1. PUOLUSTUSTASAPAINON YLLÄPITÄMINEN | F3: =IF(AND(D3<>"",E3<>""),D3-E3,"") | G3: 1: Irtoaa keskikenttälinjasta; jättää keskustan auki prässätessään 3: Pitää tasapainon leveys- ja syvyyssuunnassa keskialueella 5: Tasapainottaa linjaa ennakoivasti; prässin ja tasapainon valinta aina perusteltu | H3: =IF(OR(D3="1",D3="2",E3="1",E3="2",D3=1,D3=2,E3=1,E3=2),IFERROR(VLOOKUP(A3,Harjoitepankki!$A:$D,4,FALSE()),""),"")
A4: AMID-P1a | C4: a. Pidä tasapaino leveyssuunnassa keskikentän keskialueella
A5: AMID-P1b | C5: b. Pidä tasapaino syvyyssuunnassa keskikentän keskialueella
A6: AMID-P2 | B6: RA ulkopuolella | C6: 2. PUOLUSTETTAVAN PELAAJAN TUNNISTAMINEN | F6: =IF(AND(D6<>"",E6<>""),D6-E6,"") | G6: 1: Ei tunnista, ketä puolustaa; sijoittuminen avaa syöttölinjoja 3: Tunnistaa puolustusvastuunsa ja sijoittuu oikein 5: Lukee edut ja haitat välittömästi; muuttaa sijoittumistaan ennen vastustajan ratkaisua | H6: =IF(OR(D6="1",D6="2",E6="1",E6="2",D6=1,D6=2,E6=1,E6=2),IFERROR(VLOOKUP(A6,Harjoitepankki!$A:$D,4,FALSE()),""),"")
A7: AMID-P2a | C7: a. Sijoitu oikeassa peliasennossa / tunnista puolustukselliset edut ja haitat
A8: AMID-P2b | C8: b. Hyödynnä saavutettu etu ja vältä puolustuksellisesti epäedulliset tilanteet
A9: AMID-P3 | B9: RA ulkopuolella | C9: 3. TILAN PUOLUSTAMINEN | F9: =IF(AND(D9<>"",E9<>""),D9-E9,"") | G9: 1: Sisäkaistat auki; vastustaja kääntää pelin sisätuen kautta vapaasti 3: Peittää sisäkaistasyötöt ja pudottaa, kun syöttö ylittää 5: Sulkee keskustan ja käännöt johdonmukaisesti; prässin peittokulmat ohjaavat vastustajan haluttuun suuntaan | H9: =IF(OR(D9="1",D9="2",E9="1",E9="2",D9=1,D9=2,E9=1,E9=2),IFERROR(VLOOKUP(A9,Harjoitepankki!$A:$D,4,FALSE()),""),"")
A10: AMID-P3a | C10: a. Estä syötöt pelaajille, jotka pelaavat sisäkaistoilla ja meitä syvempänä
A11: AMID-P3b | C11: b. Estä vastustajan mahdollisuus kääntää peliä sisätuen kautta
A12: AMID-P3c | C12: c. Puolusta taaksepäin (pudota), kun syöttö ylittää meidät
A13: AMID-P4 | B13: RA ulkopuolella | C13: 4. PALLOLLISEN PUOLUSTAMINEN | F13: =IF(AND(D13<>"",E13<>""),D13-E13,"") | G13: 1: Prässi ohitetaan; ei reagoi menetyksiin 3: Seuraa pallollista hallitusti ja vastaprässää lähimenetykset 5: Vastaprässin ensimmäinen ja tehokkain lenkki; vie aloitteen pallolliselta toistuvasti | H13: =IF(OR(D13="1",D13="2",E13="1",E13="2",D13=1,D13=2,E13=1,E13=2),IFERROR(VLOOKUP(A13,Harjoitepankki!$A:$D,4,FALSE()),""),"")
A14: AMID-P4a | C14: a. Seuraa pallollista niin, ettei hän saa tilanteen aloitetta itselleen
A15: AMID-P4b | C15: b. Prässää välittömästi, kun joukkueemme menettää pallon lähellämme (vastaprässi)
A16: AMID-P5 | B16: RA sisällä | C16: 5. VASTAHYÖKKÄYKSIIN VALMISTAUTUMINEN | F16: =IF(AND(D16<>"",E16<>""),D16-E16,"") | G16: 1: Ei tarjoa ulospääsyä purkupalloille 3: Tarjoutuu pelattavaksi tilanteenvaihdossa 5: Käynnistää vastahyökkäykset: tuki syvyyteen ja jatkuvuus välittömästi voiton jälkeen | H16: =IF(OR(D16="1",D16="2",E16="1",E16="2",D16=1,D16=2,E16=1,E16=2),IFERROR(VLOOKUP(A16,Harjoitepankki!$A:$D,4,FALSE()),""),"")
A17: AMID-P5a* | C17: a*. Tarjoa tuki syvyyteen tilanteenvaihdon käynnistämiseksi
A18: AMID-P5b* | C18: b*. Takaa vastahyökkäyksen jatkuvuus (ensimmäinen pelattava syöttösuunta purkupallolle)
A19: AMID-P6 | B19: Siirtymät | C19: 6. JATKOTILANTEIDEN ENNAKOINTI | F19: =IF(AND(D19<>"",E19<>""),D19-E19,"") | G19: 1: Ei katkoja; irtopallot vastustajalle 3: Katkoo syöttöjä ja voittaa irtopalloja alueellaan 5: Ennakoi katkot ja irtopallot oman rangaistusalueen edustalla ennen muita | H19: =IF(OR(D19="1",D19="2",E19="1",E19="2",D19=1,D19=2,E19=1,E19=2),IFERROR(VLOOKUP(A19,Harjoitepankki!$A:$D,4,FALSE()),""),"")
A20: AMID-P6a | C20: a. Ennakoi syötöt (katkot omalla pelialueella)
A21: AMID-P6b | C21: b. Ennakoi irtopallot oman rangaistusalueen edustalla
A22: AMID-H0 | B22: Hyökkäys | C22: 0. TIEDON KERÄÄMINEN (SKANNAUS) | F22: =IF(AND(D22<>"",E22<>""),D22-E22,"") | G22: 1: Katse lukittuu palloon; vastaanotot selkä pelisuuntaan ilman tietoa 3: Skannaa säännöllisesti ennen vastaanottoa; peliasento pääosin avoin 5: Skannaa korkealla frekvenssillä ahtaimmissakin tiloissa; kääntyy paineen alla oikeaan suuntaan, koska ratkaisu on valmiina | H22: =IF(OR(D22="1",D22="2",E22="1",E22="2",D22=1,D22=2,E22=1,E22=2),IFERROR(VLOOKUP(A22,Harjoitepankki!$A:$D,4,FALSE()),""),"")
A23: AMID-H0a | C23: a. Diagonaalinen sijoittuminen suhteessa etu- ja takalinjoihin
A24: AMID-H0b | C24: b. Avoin peliasento, joka mahdollistaa maksimaalisen tiedonkeruun
A25: AMID-H0c | C25: c. Pään kääntäminen (skannaus) näkökentän täydentämiseksi ennen vastaanottoa ja sen aikana
A26: AMID-H1 | B26: Hyökkäys | C26: 1. HYÖKKÄYSTASAPAINON YLLÄPITÄMINEN | F26: =IF(AND(D26<>"",E26<>""),D26-E26,"") | G26: 1: Sisäkaistat tyhjenevät tai ruuhkautuvat hänen takiaan; liikkuu pois paikaltaan ilman perustetta 3: Tasapainottaa sisäkaistojen tilat ja säilyttää diagonaalisuuden 5: Tilojen tasapainotus palvelee koko joukkueen organisaatiota; pelipaikan jättäminen aina harkittu ja perusteltu | H26: =IF(OR(D26="1",D26="2",E26="1",E26="2",D26=1,D26=2,E26=1,E26=2),IFERROR(VLOOKUP(A26,Harjoitepankki!$A:$D,4,FALSE()),""),"")
A27: AMID-H1a | C27: a. Tasapainota sisäkaistojen tilat
A28: AMID-H1b | C28: b. Diagonaalinen sijoittuminen suhteessa etu- ja takalinjoihin
A29: AMID-H1c | C29: c. Tasapainota ensisijaisesti tilat joukkueen oikean organisaation takaamiseksi (harkitse, jätätkö oman pelipaikkasi vai et)
A30: AMID-H2 | B30: Hyökkäys | C30: 2. TUKIEN TARJOAMINEN | F30: =IF(AND(D30<>"",E30<>""),D30-E30,"") | G30: 1: Ei löydä taskuja; tuet ilman etua; ei syvyysuhkaa 3: Tarjoaa tuen linjojen välissä ja tekee syvyysjuoksuja tilanteen salliessa 5: Elää taskuissa vastustajalta piilossa; vuorottelee pudottautumisen ja syvyysjuoksujen välillä lukukelvottomasti; luo epätasapainoa jatkuvasti | H30: =IF(OR(D30="1",D30="2",E30="1",E30="2",D30=1,D30=2,E30=1,E30=2),IFERROR(VLOOKUP(A30,Harjoitepankki!$A:$D,4,FALSE()),""),"")
A31: AMID-H2a | C31: a. Tarjoa tuki vastustajan keskikenttä- ja puolustuslinjan välissä (linjojen välissä, "taskuissa")
A32: AMID-H2b | C32: b. Tarjoa tuki niin, että saat edun lähimpään vastustajaan nähden
A33: AMID-H2c | C33: c. Tarjoa tuki pelin jatkuvuuden takaamiseksi
A34: AMID-H2d | C34: d. Tarjoa hätätuki, tarvittaessa selkä kohti vastustajan maalia
A35: AMID-H2e | C35: e. Tee vapaita juoksuja syvyyteen saadaksesi edun tai luodaksesi epätasapainotilanteita
A36: AMID-H3 | B36: Hyökkäys | C36: 3. PELIN AVAAMISEN VARMISTAMINEN | F36: =IF(AND(D36<>"",E36<>""),D36-E36,"") | G36: 1: Ei osallistu avaukseen; jää linjojen väliin passiiviseksi 3: Pudottautuu tukemaan avausta oikeissa tilanteissa 5: Tunnistaa avausvaiheen tarpeet ja liikkuu tueksi oikeaan tilaan, tarvittaessa oman pelipaikan ulkopuolelle | H36: =IF(OR(D36="1",D36="2",E36="1",E36="2",D36=1,D36=2,E36=1,E36=2),IFERROR(VLOOKUP(A36,Harjoitepankki!$A:$D,4,FALSE()),""),"")
A37: AMID-H3a* | C37: a*. Tarjoa tuki toisen linjan pelaajille pudottautumalla
A38: AMID-H3b* | C38: b*. Tarjoa tuki tarvittaessa oman pelipaikan ulkopuolelta
A39: AMID-H4 | B39: Hyökkäys | C39: 4. HYÖKKÄYSPELIN ORGANISOINTI | F39: =IF(AND(D39<>"",E39<>""),D39-E39,"") | G39: 1: Peli pysähtyy; syötöt ilman etua; ei liikettä syötön jälkeen 3: Hakee etenevää peliä ja ohjaa pelin edullisille alueille 5: Viimeisen kolmanneksen pelinrakentaja: murtavat syötöt etuun, jatkuva liike, ratkaisut nopeuttavat peliä | H39: =IF(OR(D39="1",D39="2",E39="1",E39="2",D39=1,D39=2,E39=1,E39=2),IFERROR(VLOOKUP(A39,Harjoitepankki!$A:$D,4,FALSE()),""),"")
A40: AMID-H4a | C40: a. Hae tai pyri edistämään peliä
A41: AMID-H4b | C41: b. Ohjaa peli edullisille alueille
A42: AMID-H4c | C42: c. Liikuta palloa, kun edullisia alueita ei ole tunnistettavissa
A43: AMID-H4d | C43: d. Syötä niin, että joukkuetoveri saa edun (syöttö etuun)
A44: AMID-H4e | C44: e. Tarjoa jatkuvuus pelille syötön jälkeen (liike syötön jälkeen)
A45: AMID-H5 | B45: Hyökkäys | C45: 5. LAITAPALLOT JA KESKITYKSET | F45: =IF(AND(D45<>"",E45<>""),D45-E45,"") | G45: 1: Ei liiku rangaistusalueelle keskityksissä 3: Hyökkää tyhjään tilaan joukkuetoverin keskittäessä 5: Ajoittaa juoksut rangaistusalueelle erinomaisesti (myöhäinen liike, irtopallotila); jatkuva maaliuhka keskityksistä | H45: =IF(OR(D45="1",D45="2",E45="1",E45="2",D45=1,D45=2,E45=1,E45=2),IFERROR(VLOOKUP(A45,Harjoitepankki!$A:$D,4,FALSE()),""),"")
A46: AMID-H5a | C46: a. Hyökkää tyhjiin tiloihin joukkuetoverin keskittäessä
C48: YHTEENSÄ | D48: =IF(D3="",0,D3)+IF(D6="",0,D6)+IF(D9="",0,D9)+IF(D13="",0,D13)+IF(D16="",0,D16)+IF(D19="",0,D19)+IF(D22="",0,D22)+IF(D26="",0,D26)+IF(D30="",0,D30)+IF(D36="",0,D36)+IF(D39="",0,D39)+IF(D45="",0,D45) -> 0 | E48: =IF(E3="",0,E3)+IF(E6="",0,E6)+IF(E9="",0,E9)+IF(E13="",0,E13)+IF(E16="",0,E16)+IF(E19="",0,E19)+IF(E22="",0,E22)+IF(E26="",0,E26)+IF(E30="",0,E30)+IF(E36="",0,E36)+IF(E39="",0,E39)+IF(E45="",0,E45) -> 0 | G48: Max 60 p (12 teemaa). Ero-sarake = valmentajan arvio − itsearvio: suuret erot ovat kehityskeskustelun ydin.
A50: ITSEARVIOINNIN AVOIMET KYSYMYKSET (pelaaja täyttää ennen keskustelua)
A51: 1. | B51: Missä kolmessa asiassa olen kehittynyt eniten viimeisen 3 kk:n aikana?
A52: 2. | B52: Mikä pelitilanne tuntuu vaikeimmalta ja miksi (esim. vastaanotto taskussa paineen alla, vastaprässin ajoitus, juoksujen ajoitus boksiin)?
A53: 3. | B53: Keneltä huippukympiltä otan mallia ja mitä konkreettista hänen pelistään?
A54: 4. | B54: Mitkä 2–3 KPI:tä valitsen seuraavan jakson painopisteiksi?
A55: 5. | B55: Mitä teen itsenäisesti (harjoitusten ulkopuolella) näiden eteen?
A57: KEHITYSSOPIMUS (täytetään yhdessä keskustelussa)
A58: Painopiste 1 (koodi + tavoite):
A59: Painopiste 2 (koodi + tavoite):
A60: Painopiste 3 (valinnainen):
A61: Konkreettiset toimet ja harjoitteet (ks. Harjoitepankki):
A62: Mittarit / miten kehitys todennetaan:
A63: Seurantapäivä:
A64: Allekirjoitukset (pelaaja & valmentaja):

Sheet ST Keskushyökkääjä
A1: KESKUSHYÖKKÄÄJÄ (ST) – skouttaus + itsearviointi + kehityskeskustelu samalla sivulla
A2: Koodi | B2: Vyöhyke | C2: Teema / konseptit (KPI) | D2: Valm. arvio | E2: Itsearvio | F2: Ero | G2: Kriteerit 1 / 3 / 5 | H2: Harjoitesuositus (automaattinen, kun arvio 1–2) | I2: Huomiot
A3: ST-P1 | B3: RA ulkopuolella | C3: 1. PUOLUSTUSTASAPAINON YLLÄPITÄMINEN | F3: =IF(AND(D3<>"",E3<>""),D3-E3,"") | G3: 1: Irtoaa joukkueen puolustusryhmityksestä; väärä etäisyys keskikenttään 3: Pitää oikean etäisyyden ja sijainnin joukkueen puolustaessa 5: Sitoo puolustusryhmityksen yhteen; etäisyydet optimaaliset kaikissa vaiheissa | H3: =IF(OR(D3="1",D3="2",E3="1",E3="2",D3=1,D3=2,E3=1,E3=2),IFERROR(VLOOKUP(A3,Harjoitepankki!$A:$D,4,FALSE()),""),"")
A4: ST-P1a | C4: a. Pidä hyökkäyksen keskustan tasapaino syvyyssuunnassa
A5: ST-P1b | C5: b. Pidä hyökkäyksen keskustan tasapaino leveyssuunnassa
A6: ST-P2 | B6: RA ulkopuolella | C6: 2. MERKATTAVAN PELAAJAN TUNNISTAMINEN | F6: =IF(AND(D6<>"",E6<>""),D6-E6,"") | G6: 1: Prässi ilman suuntaa; ei yhteispeliä kärkiparin kanssa 3: Ohjaa vastustajan pelin laidalle; toimii kärkiparissa oikein 5: Prässin ohjaus tekee vastustajan avauksesta ennustettavaa; kärkiparin varmistukset saumattomia | H6: =IF(OR(D6="1",D6="2",E6="1",E6="2",D6=1,D6=2,E6=1,E6=2),IFERROR(VLOOKUP(A6,Harjoitepankki!$A:$D,4,FALSE()),""),"")
A7: ST-P2a | C7: a. Perustasapaino + vastustajan pelin ohjaaminen laidalle (yhden kärjen ryhmitys)
A8: ST-P2b | C8: b. Perustasapaino + varmistus kärkiparille (kahden kärjen ryhmitys)
A9: ST-P3 | B9: RA ulkopuolella | C9: 3. TILAN PUOLUSTAMINEN | F9: =IF(AND(D9<>"",E9<>""),D9-E9,"") | G9: 1: Topparit etenevät ja kääntävät vapaasti; ei pudota ylityksen jälkeen 3: Estää topparin etenemisen ja peittää sisäkaistat luotettavasti 5: Sulkee keskustan ja käännöt peittokulmillaan; puolustustyö jatkuu pallon ylitettyäkin | H9: =IF(OR(D9="1",D9="2",E9="1",E9="2",D9=1,D9=2,E9=1,E9=2),IFERROR(VLOOKUP(A9,Harjoitepankki!$A:$D,4,FALSE()),""),"")
A10: ST-P3a | C10: a. Estä keskustopparin eteneminen pallon kanssa
A11: ST-P3b | C11: b. Estä syötöt sisäkaistojen pelaajille
A12: ST-P3c | C12: c. Puolusta taaksepäin (pudota), jos pallo ylittää meidät
A13: ST-P3d | C13: d. Estä vastustajan pelinkääntö
A14: ST-P4 | B14: RA ulkopuolella | C14: 4. PALLOLLISEN PUOLUSTAMINEN | F14: =IF(AND(D14<>"",E14<>""),D14-E14,"") | G14: 1: Prässi ohitetaan helposti; ei reagoi menetyksiin 3: Prässää ohjaten ja vastaprässää lähimenetykset 5: Ensimmäisen prässilinjan johtaja: ohjaava prässi + välitön vastaprässi johdonmukaisesti | H14: =IF(OR(D14="1",D14="2",E14="1",E14="2",D14=1,D14=2,E14=1,E14=2),IFERROR(VLOOKUP(A14,Harjoitepankki!$A:$D,4,FALSE()),""),"")
A15: ST-P4a | C15: a. Seuraa pallollista ohjaten samalla vastustajan peliä haluttuun suuntaan
A16: ST-P4b | C16: b. Älä anna vastustajan ohittaa itseäsi helposti
A17: ST-P4c | C17: c. Prässää välittömästi, kun joukkueemme menettää pallon (vastaprässi)
A18: ST-P5 | B18: RA sisällä | C18: 5. VASTAHYÖKKÄYKSIIN VALMISTAUTUMINEN | F18: =IF(AND(D18<>"",E18<>""),D18-E18,"") | G18: 1: Ei tarjoa ulospääsyä purkupalloille 3: Tarjoutuu syvyystueksi tilanteenvaihdossa 5: Jatkuva syvyysuhka pallonvoitoissa; ensimmäinen pelattava aina olemassa | H18: =IF(OR(D18="1",D18="2",E18="1",E18="2",D18=1,D18=2,E18=1,E18=2),IFERROR(VLOOKUP(A18,Harjoitepankki!$A:$D,4,FALSE()),""),"")
A19: ST-P5a | C19: a. Tarjoa tuki syvyyteen tilanteenvaihdon käynnistämiseksi
A20: ST-P6 | B20: Siirtymät | C20: 6. JATKOTILANTEIDEN ENNAKOINTI | F20: =IF(AND(D20<>"",E20<>""),D20-E20,"") | G20: 1: Reagoi myöhässä prässipaikkoihin 3: Tunnistaa prässäysmahdollisuudet ja menetysriskit ajoissa 5: Käynnistää joukkueen prässin lukemalla vastustajan huonot kosketukset ja syötöt ennakolta | H20: =IF(OR(D20="1",D20="2",E20="1",E20="2",D20=1,D20=2,E20=1,E20=2),IFERROR(VLOOKUP(A20,Harjoitepankki!$A:$D,4,FALSE()),""),"")
A21: ST-P6a | C21: a. Ennakoi prässäysmahdollisuudet
A22: ST-P6b | C22: b. Ennakoi pallonmenetyksen mahdollisuudet
A23: ST-H0 | B23: Hyökkäys | C23: 0. TIEDON KERÄÄMINEN (SKANNAUS) | F23: =IF(AND(D23<>"",E23<>""),D23-E23,"") | G23: 1: Katse lukittuu palloon; vastaanotot selkä maalille ilman tietoa vartijasta 3: Skannaa säännöllisesti; tietää vartijan sijainnin vastaanottaessaan 5: Skannaa jatkuvasti selkä maalille pelatessaan; tietää aina puolustajan sijainnin ja kääntymissuunnan | H23: =IF(OR(D23="1",D23="2",E23="1",E23="2",D23=1,D23=2,E23=1,E23=2),IFERROR(VLOOKUP(A23,Harjoitepankki!$A:$D,4,FALSE()),""),"")
A24: ST-H0a | C24: a. Diagonaalinen sijoittuminen suhteessa pallolliseen pelaajaan
A25: ST-H0b | C25: b. Avoin peliasento, joka mahdollistaa maksimaalisen tiedonkeruun
A26: ST-H0c* | C26: c*. Pään kääntäminen (skannaus) näkökentän täydentämiseksi ennen vastaanottoa ja sen aikana
A27: ST-H1 | B27: Hyökkäys | C27: 1. TILAN LUOMINEN JA SYVYYDEN TUOTTAMINEN HYÖKKÄYKSEEN (asemahyökkäys) | F27: =IF(AND(D27<>"",E27<>""),D27-E27,"") | G27: 1: Ei syvyysuhkaa; valuu liian alas jatkuvasti 3: Varmistaa hyökkäyksen syvyyden ja palauttaa tasapainon liikkeidensä jälkeen 5: Venyttää vastustajan puolustuslinjaa jatkuvasti; syvyysuhka luo tilat koko joukkueelle | H27: =IF(OR(D27="1",D27="2",E27="1",E27="2",D27=1,D27=2,E27=1,E27=2),IFERROR(VLOOKUP(A27,Harjoitepankki!$A:$D,4,FALSE()),""),"")
A28: ST-H1a | C28: a. Varmista hyökkäyksen syvyys
A29: ST-H1b | C29: b. Palauta hyökkäyksen tasapaino
A30: ST-H2 | B30: Hyökkäys | C30: 2. HYÖKKÄYKSEN LIIKUTTAMINEN | F30: =IF(AND(D30<>"",E30<>""),D30-E30,"") | G30: 1: Staattinen; juoksut väärään aikaan tai paitsioon; ei liiku syötön jälkeen 3: Tekee vapaita juoksuja selustaan ja liikkuu syötön jälkeen 5: Juoksujen ajoitus ja vaihtelu (selusta/jalkoihin) lukukelvotonta; luo tilaa myös muille liikkeillään | H30: =IF(OR(D30="1",D30="2",E30="1",E30="2",D30=1,D30=2,E30=1,E30=2),IFERROR(VLOOKUP(A30,Harjoitepankki!$A:$D,4,FALSE()),""),"")
A31: ST-H2a | C31: a. Vapaat juoksut kohti maalia tavoitteena päästä puolustajan taakse (selustaan)
A32: ST-H2b | C32: b. Tarjoudu tueksi luodaksesi oman syöttömahdollisuutesi
A33: ST-H2c | C33: c. Vapaat juoksut syötön jälkeen (liike syötön jälkeen)
A34: ST-H2d | C34: d. Luo itsellesi syöttölinja omalla liikkeelläsi
A35: ST-H2e | C35: e. Luo tilaa joukkuetovereille omalla liikkeelläsi
A36: ST-H3 | B36: Hyökkäys | C36: 3. TUKIEN TARJOAMINEN | F36: =IF(AND(D36<>"",E36<>""),D36-E36,"") | G36: 1: Ei pelattavissa paineen alla; pudottautumiset tyhjiä 3: Pudottautuu tueksi ja pitää pallon joukkueella 5: Selkä maalille -peli erinomaista: pito, seinäsyötöt ja kääntymiset paineen alla | H36: =IF(OR(D36="1",D36="2",E36="1",E36="2",D36=1,D36=2,E36=1,E36=2),IFERROR(VLOOKUP(A36,Harjoitepankki!$A:$D,4,FALSE()),""),"")
A37: ST-H3a | C37: a. Tarjoa jatkuvuustuki ensimmäisen linjan pelaajille
A38: ST-H3b | C38: b. Tarjoa tuki toisen linjan pelaajille pudottautumalla
A39: ST-H3c | C39: c. Tarjoa tuki tarvittaessa oman pelipaikan ulkopuolelta
A40: ST-H4 | B40: Hyökkäys | C40: 4. LAITAPALLOT JA KESKITYKSET | F40: =IF(AND(D40<>"",E40<>""),D40-E40,"") | G40: 1: Ei liiku rangaistusalueelle keskityksissä; väärät juoksuradat 3: Hyökkää keskityksiin oikea-aikaisesti 5: Juoksuradat (ykköstolppa/kakkostolppa/rankkaripiste) vaihtelevat ja ajoitus erinomainen; takatuki päätyrajatilanteissa | H40: =IF(OR(D40="1",D40="2",E40="1",E40="2",D40=1,D40=2,E40=1,E40=2),IFERROR(VLOOKUP(A40,Harjoitepankki!$A:$D,4,FALSE()),""),"")
A41: ST-H4a | C41: a. Hyökkää keskityksiin liikkumalla kohti rangaistusaluetta ja sen sisälle
A42: ST-H4b | C42: b. Tarjoa takatuki (pudottautuen), kun pallollinen pääsee päätyrajalle
A43: ST-H5 | B43: Hyökkäys | C43: 5. HYÖKKÄÄMINEN RANGAISTUSALUEELLA | F43: =IF(AND(D43<>"",E43<>""),D43-E43,"") | G43: 1: Epäröi laukaista; itsekäs tai liian epäitsekäs väärissä tilanteissa 3: Laukaisee ja valitsee syötön oikein normaalitilanteissa 5: Kylmäverinen viimeistelijä: laukaus/syöttö-valinta optimaalinen, maalintekopaikat käytetään | H43: =IF(OR(D43="1",D43="2",E43="1",E43="2",D43=1,D43=2,E43=1,E43=2),IFERROR(VLOOKUP(A43,Harjoitepankki!$A:$D,4,FALSE()),""),"")
A44: ST-H5a | C44: a. Laukaise kohti maalia
A45: ST-H5b | C45: b. Hyökkää maalille rangaistusalueen sisällä
A46: ST-H5c | C46: c. Syötä pallo paremmassa paikassa olevalle joukkuetoverille
A47: ST-H6 | B47: Hyökkäys | C47: 6. EDUN HYÖDYNTÄMINEN JA SÄILYTTÄMINEN | F47: =IF(AND(D47<>"",E47<>""),D47-E47,"") | G47: 1: Ei tunnista etutilanteita; peli hidastuu hänen kohdallaan 3: Hyödyntää 1v1- ja ylivoimatilanteet tilanteen salliessa 5: Tunnistaa ja hyödyntää edut välittömästi; ratkaisut maksimoivat joukkueen hyödyn | H47: =IF(OR(D47="1",D47="2",E47="1",E47="2",D47=1,D47=2,E47=1,E47=2),IFERROR(VLOOKUP(A47,Harjoitepankki!$A:$D,4,FALSE()),""),"")
A48: ST-H6a | C48: a. Yksilöllinen etu (hyödynnä 1v1-tilanne)
A49: ST-H6b | C49: b. Joukkueen etu (hyödynnä ylivoimatilanne)
A50: ST-H7 | B50: Hyökkäys | C50: 7. JATKOTILANTEIDEN ENNAKOINTI | F50: =IF(AND(D50<>"",E50<>""),D50-E50,"") | G50: 1: Yllättyy irtopalloista; seuraa peliä paikaltaan 3: Reagoi torjuntoihin ja pudotuksiin ajoissa 5: "Haaskalintu": ennakoi torjunnat, purkupallot ja pudotukset ennen puolustajia | H50: =IF(OR(D50="1",D50="2",E50="1",E50="2",D50=1,D50=2,E50=1,E50=2),IFERROR(VLOOKUP(A50,Harjoitepankki!$A:$D,4,FALSE()),""),"")
A51: ST-H7a | C51: a. Ennakoi syötöt ja purkupallot
A52: ST-H7b | C52: b. Ennakoi maalivahdin torjunnasta irtoava pallo
A53: ST-H7c | C53: c. Ennakoi pudotus, kun joukkuetoveri hyppää pääpallokamppailuun vastustajan kanssa
C55: YHTEENSÄ | D55: =IF(D3="",0,D3)+IF(D6="",0,D6)+IF(D9="",0,D9)+IF(D14="",0,D14)+IF(D18="",0,D18)+IF(D20="",0,D20)+IF(D23="",0,D23)+IF(D27="",0,D27)+IF(D30="",0,D30)+IF(D36="",0,D36)+IF(D40="",0,D40)+IF(D43="",0,D43)+IF(D47="",0,D47)+IF(D50="",0,D50) -> 0 | E55: =IF(E3="",0,E3)+IF(E6="",0,E6)+IF(E9="",0,E9)+IF(E14="",0,E14)+IF(E18="",0,E18)+IF(E20="",0,E20)+IF(E23="",0,E23)+IF(E27="",0,E27)+IF(E30="",0,E30)+IF(E36="",0,E36)+IF(E40="",0,E40)+IF(E43="",0,E43)+IF(E47="",0,E47)+IF(E50="",0,E50) -> 0 | G55: Max 70 p (14 teemaa). Ero-sarake = valmentajan arvio − itsearvio: suuret erot ovat kehityskeskustelun ydin.
A57: ITSEARVIOINNIN AVOIMET KYSYMYKSET (pelaaja täyttää ennen keskustelua)
A58: 1. | B58: Missä kolmessa asiassa olen kehittynyt eniten viimeisen 3 kk:n aikana?
A59: 2. | B59: Mikä pelitilanne tuntuu vaikeimmalta ja miksi (esim. selkä maalille -peli paineessa, juoksujen ajoitus paitsiolinjalla, viimeistely vasemmalla)?
A60: 3. | B60: Keneltä huippukeskushyökkääjältä otan mallia ja mitä konkreettista hänen pelistään?
A61: 4. | B61: Mitkä 2–3 KPI:tä valitsen seuraavan jakson painopisteiksi?
A62: 5. | B62: Mitä teen itsenäisesti (harjoitusten ulkopuolella) näiden eteen?
A64: KEHITYSSOPIMUS (täytetään yhdessä keskustelussa)
A65: Painopiste 1 (koodi + tavoite):
A66: Painopiste 2 (koodi + tavoite):
A67: Painopiste 3 (valinnainen):
A68: Konkreettiset toimet ja harjoitteet (ks. Harjoitepankki):
A69: Mittarit / miten kehitys todennetaan:
A70: Seurantapäivä:
A71: Allekirjoitukset (pelaaja & valmentaja):

Sheet WI Laituri
A1: LAITURI (WI) – skouttaus + itsearviointi + kehityskeskustelu samalla sivulla
A2: Koodi | B2: Vyöhyke | C2: Teema / konseptit (KPI) | D2: Valm. arvio | E2: Itsearvio | F2: Ero | G2: Kriteerit 1 / 3 / 5 | H2: Harjoitesuositus (automaattinen, kun arvio 1–2) | I2: Huomiot
A3: WI-P1 | B3: RA ulkopuolella | C3: 1. PUOLUSTUSTASAPAINON YLLÄPITÄMINEN | F3: =IF(AND(D3<>"",E3<>""),D3-E3,"") | G3: 1: Jää ylös puolustusvaiheessa; irtoaa ryhmityksestä 3: Pitää tasapainon leveys- ja syvyyssuunnassa laidalla 5: Sijainti laidalla optimaalinen kaikissa puolustusvaiheissa; valmis sekä puolustamaan että vastahyökkäämään | H3: =IF(OR(D3="1",D3="2",E3="1",E3="2",D3=1,D3=2,E3=1,E3=2),IFERROR(VLOOKUP(A3,Harjoitepankki!$A:$D,4,FALSE()),""),"")
A4: WI-P1a | C4: a. Pidä tasapaino leveyssuunnassa laidalla
A5: WI-P1b | C5: b. Pidä tasapaino syvyyssuunnassa laidalla
A6: WI-P2 | B6: RA ulkopuolella | C6: 2. MERKATTAVAN PELAAJAN TUNNISTAMINEN | F6: =IF(AND(D6<>"",E6<>""),D6-E6,"") | G6: 1: Kadottaa vastustajan laitapuolustajan; syöttölinjat auki 3: Tunnistaa merkattavan ja peittää syöttölinjat 5: Sulkee vastustajan laidan kokonaan: merkattava ei saa palloa pelattavaan asentoon | H6: =IF(OR(D6="1",D6="2",E6="1",E6="2",D6=1,D6=2,E6=1,E6=2),IFERROR(VLOOKUP(A6,Harjoitepankki!$A:$D,4,FALSE()),""),"")
A7: WI-P2a | C7: a. Tunnista merkattava pelaaja
A8: WI-P2b | C8: b. Vähennä vastustajan vastaanottovaihtoehtoja
A9: WI-P3 | B9: RA ulkopuolella | C9: 3. TILAN PUOLUSTAMINEN | F9: =IF(AND(D9<>"",E9<>""),D9-E9,"") | G9: 1: Sisäkaista auki; ei pudota; vastustajan laitapuolustaja nousee vapaasti 3: Peittää sisäkaistan, pudottaa ja seuraa nousevaa laitapuolustajaa 5: Puolustaa laidan tilat aukottomasti ja kaventaa auttamaan; nousut eivät yllätä koskaan | H9: =IF(OR(D9="1",D9="2",E9="1",E9="2",D9=1,D9=2,E9=1,E9=2),IFERROR(VLOOKUP(A9,Harjoitepankki!$A:$D,4,FALSE()),""),"")
A10: WI-P3a | C10: a. Estä syötöt sisäkaistojen pelaajille
A11: WI-P3b | C11: b. Puolusta taaksepäin (pudota), jos pallo ylittää oman sijaintisi
A12: WI-P3c | C12: c. Puolusta sisätilaa (kavenna) auttaaksesi laidan puolustusta
A13: WI-P3d | C13: d. Seuraa vastustajan laitapuolustajaa, jos tämä nousee seuraavalle linjalle
A14: WI-P4 | B14: RA ulkopuolella | C14: 4. PALLOLLISEN PUOLUSTAMINEN | F14: =IF(AND(D14<>"",E14<>""),D14-E14,"") | G14: 1: Ohitetaan helposti 1v1; ei reagoi menetyksiin 3: Prässää hallitusti ja vastaprässää lähimenetykset 5: Voittaa laidan 1v1-puolustustilanteet; vastaprässin ajoitus välitön | H14: =IF(OR(D14="1",D14="2",E14="1",E14="2",D14=1,D14=2,E14=1,E14=2),IFERROR(VLOOKUP(A14,Harjoitepankki!$A:$D,4,FALSE()),""),"")
A15: WI-P4a | C15: a. Älä anna vastustajan ohittaa itseäsi helposti
A16: WI-P4b | C16: b. Prässää välittömästi, kun joukkueemme menettää pallon (vastaprässi)
A17: WI-P5 | B17: RA sisällä | C17: 5. VASTAHYÖKKÄYKSIIN VALMISTAUTUMINEN | F17: =IF(AND(D17<>"",E17<>""),D17-E17,"") | G17: 1: Ei lähde vastahyökkäyksiin; eteneminen katkeaa häneen 3: Etenee syvyyteen aalloissa ja tukee pallon puolella 5: Vastahyökkäysten kärkiase: ensimmäisen/toisen aallon juoksut ja jatkuvuus molemmilta laidoilta | H17: =IF(OR(D17="1",D17="2",E17="1",E17="2",D17=1,D17=2,E17=1,E17=2),IFERROR(VLOOKUP(A17,Harjoitepankki!$A:$D,4,FALSE()),""),"")
A18: WI-P5a | C18: a. Etene syvyyteen ensimmäisessä tai toisessa aallossa (vastakkainen laita)
A19: WI-P5b | C19: b. Takaa etenemisen jatkuvuus pallon puolella
A20: WI-P6 | B20: Siirtymät | C20: 6. JATKOTILANTEIDEN ENNAKOINTI | F20: =IF(AND(D20<>"",E20<>""),D20-E20,"") | G20: 1: Reagoi myöhässä prässipaikkoihin ja menetyksiin 3: Tunnistaa prässäysmahdollisuudet ja menetysriskit ajoissa 5: Lukee vastustajan avauksen heikot hetket ja käynnistää prässin laidalta ennakoivasti | H20: =IF(OR(D20="1",D20="2",E20="1",E20="2",D20=1,D20=2,E20=1,E20=2),IFERROR(VLOOKUP(A20,Harjoitepankki!$A:$D,4,FALSE()),""),"")
A21: WI-P6a | C21: a. Ennakoi prässäysmahdollisuudet
A22: WI-P6b | C22: b. Ennakoi pallonmenetyksen mahdollisuudet
A23: WI-H0 | B23: Hyökkäys | C23: 0. TIEDON KERÄÄMINEN (SKANNAUS) | F23: =IF(AND(D23<>"",E23<>""),D23-E23,"") | G23: 1: Katse lukittuu palloon; ei tiedä laitapuolustajan sijaintia vastaanottaessaan 3: Skannaa säännöllisesti ennen vastaanottoa; peliasento pääosin avoin 5: Skannaa korkealla frekvenssillä; tietää aina puolustajan etäisyyden ja valitsee 1v1/syöttö/sisäänleikkaus ennen palloa | H23: =IF(OR(D23="1",D23="2",E23="1",E23="2",D23=1,D23=2,E23=1,E23=2),IFERROR(VLOOKUP(A23,Harjoitepankki!$A:$D,4,FALSE()),""),"")
A24: WI-H0a* | C24: a*. Diagonaalinen sijoittuminen suhteessa pallolliseen pelaajaan
A25: WI-H0b* | C25: b*. Avoin peliasento, joka mahdollistaa maksimaalisen tiedonkeruun
A26: WI-H0c* | C26: c*. Pään kääntäminen (skannaus) näkökentän täydentämiseksi ennen vastaanottoa ja sen aikana
A27: WI-H1 | B27: Hyökkäys | C27: 1. LEVEYDEN TAKAAMINEN | F27: =IF(AND(D27<>"",E27<>""),D27-E27,"") | G27: 1: Kaventaa väärään aikaan; ryhmitys menettää leveyden 3: Pitää leveyden ja kaventaa oikeissa tilanteissa 5: Leveyden ja kaventamisen rytmitys venyttää vastustajaa jatkuvasti; palauttaa leveyden automaattisesti | H27: =IF(OR(D27="1",D27="2",E27="1",E27="2",D27=1,D27=2,E27=1,E27=2),IFERROR(VLOOKUP(A27,Harjoitepankki!$A:$D,4,FALSE()),""),"")
A28: WI-H1a | C28: a. Takaa hyökkäyksen leveys
A29: WI-H1b | C29: b. Kavenna, kun lähestymme vastustajan päätyaluetta (viimeistelyvyöhykettä)
A30: WI-H1c | C30: c. Palauta hyökkäyksen leveys ensimmäisen toiminnon jälkeen
A31: WI-H2 | B31: Hyökkäys | C31: 2. HYÖKKÄYKSEN LIIKUTTAMINEN | F31: =IF(AND(D31<>"",E31<>""),D31-E31,"") | G31: 1: Staattinen laidalla; liikkeet ilman tarkoitusta 3: Tekee vapaita juoksuja ja liikkuu syötön jälkeen 5: Juoksujen vaihtelu (maalia kohti, tueksi, syötön jälkeen) jatkuvaa ja lukukelvotonta; luo tilaa myös laitapuolustajan nousuille | H31: =IF(OR(D31="1",D31="2",E31="1",E31="2",D31=1,D31=2,E31=1,E31=2),IFERROR(VLOOKUP(A31,Harjoitepankki!$A:$D,4,FALSE()),""),"")
A32: WI-H2a | C32: a. Vapaa juoksu kohti maalia
A33: WI-H2b | C33: b. Vapaa juoksu tueksi oman edun saamiseksi
A34: WI-H2c | C34: c. Vapaa juoksu syötön jälkeen (liike syötön jälkeen)
A35: WI-H2d | C35: d. Luo itsellesi tila vapaaksi liikkumiseen
A36: WI-H2e | C36: e. Luo tilaa joukkuetoverille omalla liikkeelläsi
A37: WI-H3 | B37: Hyökkäys | C37: 3. TUKIEN TARJOAMINEN | F37: =IF(AND(D37<>"",E37<>""),D37-E37,"") | G37: 1: Ei pelattavissa rakentelussa; pysyy vain rajalla 3: Tarjoaa jatkuvuustuet ja tukee sisään pelaamista 5: Vuorottelee laidan ja sisäkaistan tuet tilanteen mukaan; pelattavissa aina | H37: =IF(OR(D37="1",D37="2",E37="1",E37="2",D37=1,D37=2,E37=1,E37=2),IFERROR(VLOOKUP(A37,Harjoitepankki!$A:$D,4,FALSE()),""),"")
A38: WI-H3a | C38: a. Tarjoa jatkuvuustuet omalta pelipaikaltasi
A39: WI-H3b | C39: b. Tarjoa tuki sisään pelaamiseen (tuki sisäkaistalta)
A40: WI-H4 | B40: Hyökkäys | C40: 4. LAITAPALLOT JA KESKITYKSET | F40: =IF(AND(D40<>"",E40<>""),D40-E40,"") | G40: 1: Keskitykset ilman osoitetta; ei liity boksiin vastakkaiselta laidalta 3: Keskittää käyttökelpoisesti ja liittyy boksiin oikeissa tilanteissa 5: Keskitysten laatu ja valinta (matala/korkea/kääntö) antavat kärjelle edun; takatolpan liittymiset automaattisia | H40: =IF(OR(D40="1",D40="2",E40="1",E40="2",D40=1,D40=2,E40=1,E40=2),IFERROR(VLOOKUP(A40,Harjoitepankki!$A:$D,4,FALSE()),""),"")
A41: WI-H4a | C41: a. Keskitä niin, että keskushyökkääjä saa edun
A42: WI-H4b | C42: b. Liity viimeistelyalueelle (boksiin), kun peli etenee vastakkaisen laidan kautta
A43: WI-H5 | B43: Hyökkäys | C43: 5. HYÖKKÄÄMINEN RANGAISTUSALUEELLA | F43: =IF(AND(D43<>"",E43<>""),D43-E43,"") | G43: 1: Epäröi laukaista; väärät valinnat boksissa 3: Laukaisee ja valitsee syötön oikein normaalitilanteissa 5: Kylmäverinen boksissa: laukaus/syöttö-valinta optimaalinen, viimeistelee myös heikommalla jalalla | H43: =IF(OR(D43="1",D43="2",E43="1",E43="2",D43=1,D43=2,E43=1,E43=2),IFERROR(VLOOKUP(A43,Harjoitepankki!$A:$D,4,FALSE()),""),"")
A44: WI-H5a | C44: a. Laukaise kohti maalia
A45: WI-H5b | C45: b. Hyökkää maalille rangaistusalueen sisällä
A46: WI-H5c | C46: c. Syötä pallo paremmassa paikassa olevalle joukkuetoverille
A47: WI-H6 | B47: Hyökkäys | C47: 6. EDUN HYÖDYNTÄMINEN JA SÄILYTTÄMINEN | F47: =IF(AND(D47<>"",E47<>""),D47-E47,"") | G47: 1: Häviää 1v1-tilanteet; ensimmäinen kosketus tappaa edun 3: Voittaa 1v1-tilanteita tilaedulla ja säilyttää pallon ilman etua 5: Laidan ratkaisija: suuntaava kosketus luo edun, 1v1-voitot toistuvia, 2v1-tilanteiden luominen taktisesti taitavaa | H47: =IF(OR(D47="1",D47="2",E47="1",E47="2",D47=1,D47=2,E47=1,E47=2),IFERROR(VLOOKUP(A47,Harjoitepankki!$A:$D,4,FALSE()),""),"")
A48: WI-H6a | C48: a. Hanki etu haltuunotolla (suuntaava ensimmäinen kosketus)
A49: WI-H6b | C49: b. Haasta puolustaja (1v1), kun sinulla on tilaetu
A50: WI-H6c | C50: c. Houkuttele vastustajan laitapelaaja itseesi luodaksesi 2v1-tilanteen
A51: WI-H6d | C51: d. Takaa pelin jatkuvuus liikuttamalla palloa, jos laidalla ei ole etua
A52: WI-H7 | B52: Hyökkäys | C52: 7. JATKOTILANTEIDEN ENNAKOINTI | F52: =IF(AND(D52<>"",E52<>""),D52-E52,"") | G52: 1: Seuraa peliä laidalta; ei toista aaltoa 3: Reagoi torjuntoihin ja pudotuksiin ajoissa 5: Ennakoi torjunnat ja pudotukset; toisen aallon laukaukset ja takatolpan irtopallot ovat vakioase | H52: =IF(OR(D52="1",D52="2",E52="1",E52="2",D52=1,D52=2,E52=1,E52=2),IFERROR(VLOOKUP(A52,Harjoitepankki!$A:$D,4,FALSE()),""),"")
A53: WI-H7a | C53: a. Ennakoi syötöt ja purkupallot
A54: WI-H7b | C54: b. Ennakoi maalivahdin torjunnasta irtoava pallo
A55: WI-H7c | C55: c. Ennakoi pudotus, kun joukkuetoveri hyppää pääpallokamppailuun vastustajan kanssa
C57: YHTEENSÄ | D57: =IF(D3="",0,D3)+IF(D6="",0,D6)+IF(D9="",0,D9)+IF(D14="",0,D14)+IF(D17="",0,D17)+IF(D20="",0,D20)+IF(D23="",0,D23)+IF(D27="",0,D27)+IF(D31="",0,D31)+IF(D37="",0,D37)+IF(D40="",0,D40)+IF(D43="",0,D43)+IF(D47="",0,D47)+IF(D52="",0,D52) -> 0 | E57: =IF(E3="",0,E3)+IF(E6="",0,E6)+IF(E9="",0,E9)+IF(E14="",0,E14)+IF(E17="",0,E17)+IF(E20="",0,E20)+IF(E23="",0,E23)+IF(E27="",0,E27)+IF(E31="",0,E31)+IF(E37="",0,E37)+IF(E40="",0,E40)+IF(E43="",0,E43)+IF(E47="",0,E47)+IF(E52="",0,E52) -> 0 | G57: Max 70 p (14 teemaa). Ero-sarake = valmentajan arvio − itsearvio: suuret erot ovat kehityskeskustelun ydin.
A59: ITSEARVIOINNIN AVOIMET KYSYMYKSET (pelaaja täyttää ennen keskustelua)
A60: 1. | B60: Missä kolmessa asiassa olen kehittynyt eniten viimeisen 3 kk:n aikana?
A61: 2. | B61: Mikä pelitilanne tuntuu vaikeimmalta ja miksi (esim. 1v1 matalaa puolustusta vastaan, keskityksen laatu vauhdista, puolustustyö pitkissä otteluissa)?
A62: 3. | B62: Keneltä huippulaiturilta otan mallia ja mitä konkreettista hänen pelistään?
A63: 4. | B63: Mitkä 2–3 KPI:tä valitsen seuraavan jakson painopisteiksi?
A64: 5. | B64: Mitä teen itsenäisesti (harjoitusten ulkopuolella) näiden eteen?
A66: KEHITYSSOPIMUS (täytetään yhdessä keskustelussa)
A67: Painopiste 1 (koodi + tavoite):
A68: Painopiste 2 (koodi + tavoite):
A69: Painopiste 3 (valinnainen):
A70: Konkreettiset toimet ja harjoitteet (ks. Harjoitepankki):
A71: Mittarit / miten kehitys todennetaan:
A72: Seurantapäivä:
A73: Allekirjoitukset (pelaaja & valmentaja):

Sheet GK Maalivahti
A1: MAALIVAHTI (GK) – skouttaus + itsearviointi + kehityskeskustelu samalla sivulla
A2: Koodi | B2: Vyöhyke | C2: Teema / konseptit (KPI) | D2: Valm. arvio | E2: Itsearvio | F2: Ero | G2: Kriteerit 1 / 3 / 5 | H2: Harjoitesuositus (automaattinen, kun arvio 1–2) | I2: Huomiot
A3: GK-P1 | B3: RA ulkopuolella | C3: 1. PUOLUSTUSTASAPAINON YLLÄPITÄMINEN (sijoittuminen suhteessa peliin) | F3: =IF(AND(D3<>"",E3<>""),D3-E3,"") | G3: 1: Jää maaliviivalle korkeaa linjaa vastaan; sijainti ei elä pelin mukana 3: Pitää oikean syvyyden ja säätää sijaintiaan normaalitilanteissa 5: Sijainti optimaalinen jokaisessa pelin vaiheessa; lukee laukaisu- ja selustauhan tasapainon virheettömästi | H3: =IF(OR(D3="1",D3="2",E3="1",E3="2",D3=1,D3=2,E3=1,E3=2),IFERROR(VLOOKUP(A3,Harjoitepankki!$A:$D,4,FALSE()),""),"")
A4: GK-P1a | C4: a. Pidä oikea syvyys suhteessa puolustuslinjaan – mitä korkeammalla linja, sitä korkeammalla maalivahti (selustan tilan hallinta)
A5: GK-P1b | C5: b. Säädä sijaintiasi jatkuvasti pallon sijainnin, pelitilanteen ja laukaisu-uhan mukaan (syvyys ja sivusuunta)
A6: GK-P1c | C6: c. Palauta perussijainti välittömästi tilanteen rikkoutuessa tai pallon vaihtaessa suuntaa
A7: GK-P2 | B7: RA ulkopuolella | C7: 2. SELUSTAN TILAN PUOLUSTAMINEN (sweeper-rooli) | F7: =IF(AND(D7<>"",E7<>""),D7-E7,"") | G7: 1: Ei tule linjan taakse; selustapallot vastustajalle; arka rangaistusalueen ulkopuolella 3: Katkaisee selkeät selustasyötöt ja pelaa pallot pois vaara-alueelta 5: Ennakoiva sweeper: katkaisee syvyyssyötöt aikaisin, ensimmäinen kosketus käynnistää pelin | H7: =IF(OR(D7="1",D7="2",E7="1",E7="2",D7=1,D7=2,E7=1,E7=2),IFERROR(VLOOKUP(A7,Harjoitepankki!$A:$D,4,FALSE()),""),"")
A8: GK-P2a | C8: a. Ennakoi ja katkaise syötöt puolustuslinjan taakse jäävään tilaan
A9: GK-P2b | C9: b. Pelaa selustaan tulevat pallot rohkeasti myös rangaistusalueen ulkopuolella – ensimmäinen kosketus pois vaara-alueelta
A10: GK-P2c | C10: c. Viesti puolustuslinjalle jatkuvasti selustan tilasta ja vastustajan syvyysjuoksuista
A11: GK-P3 | B11: RA ulkopuolella | C11: 3. PELIN OHJAAMINEN JA KOMMUNIKAATIO | F11: =IF(AND(D11<>"",E11<>""),D11-E11,"") | G11: 1: Hiljainen; puolustus ei saa tietoa; reagoi vasta kun vaara on syntynyt 3: Ohjaa linjaa ja osoittaa merkkausvastuut normaalitilanteissa 5: Joukkueen puolustuksen johtaja: jatkuva, selkeä ja ennakoiva kommunikaatio koko ottelun ajan | H11: =IF(OR(D11="1",D11="2",E11="1",E11="2",D11=1,D11=2,E11=1,E11=2),IFERROR(VLOOKUP(A11,Harjoitepankki!$A:$D,4,FALSE()),""),"")
A12: GK-P3a | C12: a. Ohjaa puolustuslinjan sijoittumista ja syvyyttä äänellä koko ottelun ajan (ainoa pelaaja, joka näkee koko kentän)
A13: GK-P3b | C13: b. Tunnista ja osoita merkkausvastuut: vapaat pelaajat, juoksut, epätasapaino
A14: GK-P3c | C14: c. Ohjaa joukkueen prässiä: milloin painetaan, milloin pudotaan
A15: GK-P4 | B15: RA sisällä | C15: 4. MAALINTEON ESTÄMINEN (torjuminen) | F15: =IF(AND(D15<>"",E15<>""),D15-E15,"") | G15: 1: Väärät kulmat; irtopallot eteen keskelle; kaatuu 1v1-tilanteissa aikaisin 3: Torjuu odotetut laukaukset; ohjaa irtopallot pääosin sivulle; 1v1-perusteet kunnossa 5: Torjuu myös odottamattomat; irtopallojen hallinta virheetöntä; 1v1-tilanteiden voittoprosentti erottuva; aina valmis toiseen torjuntaan | H15: =IF(OR(D15="1",D15="2",E15="1",E15="2",D15=1,D15=2,E15=1,E15=2),IFERROR(VLOOKUP(A15,Harjoitepankki!$A:$D,4,FALSE()),""),"")
A16: GK-P4a | C16: a. Perusasento ja sijoittuminen laukaisulinjalle – kavenna kulmaa oikea-aikaisella liikkeellä, ole paikallaan laukaisuhetkellä
A17: GK-P4b | C17: b. Torjuntatekniikka: ohjaa irtopallot pois vaara-alueelta (sivulle tai yli, ei koskaan eteen keskelle)
A18: GK-P4c | C18: c. 1v1-tilanteet: ajoitus, tilan kaventaminen ja pystyssä pysyminen mahdollisimman pitkään
A19: GK-P4d | C19: d. Jatka puolustamista, kunnes tilanne on ohi – valmius toiseen ja kolmanteen torjuntaan
A20: GK-P5 | B20: RA sisällä | C20: 5. KESKITYSTEN JA LAITAPALLOJEN HALLINTA | F20: =IF(AND(D20<>"",E20<>""),D20-E20,"") | G20: 1: Epäröivät lähdöt ("puoliväliin jääminen"); ilmapallot irtoavat; ei huuda 3: Hallitsee oman alueensa keskitykset ja kommunikoi lähtönsä 5: Hallitsee rangaistusalueen ilmatilan laajasti; lähtöpäätökset välittömiä ja sitoutuneita; huuto johtaa puolustusta | H20: =IF(OR(D20="1",D20="2",E20="1",E20="2",D20=1,D20=2,E20=1,E20=2),IFERROR(VLOOKUP(A20,Harjoitepankki!$A:$D,4,FALSE()),""),"")
A21: GK-P5a | C21: a. Lähtöpäätös: tule väliin tai jää maalille – päätös ajoissa ja sitoutuneesti, ei puolivälin ratkaisuja
A22: GK-P5b | C22: b. Ilmapallojen hallinta ruuhkassa: kiinniotto aina kun mahdollista, nyrkkäys pitkälle ja sivulle kun ei
A23: GK-P5c | C23: c. Sijoittuminen keskityslinjaan nähden (ykköstolpan ja kakkostolpan uhan tasapaino)
A24: GK-P5d | C24: d. Kommunikoi "OMA!" / "ULOS!" selkeästi ja ajoissa – huuto sitoo koko puolustuksen
A25: GK-P6 | B25: Siirtymät | C25: 6. JATKOTILANTEIDEN ENNAKOINTI | F25: =IF(AND(D25<>"",E25<>""),D25-E25,"") | G25: 1: Jää makaamaan torjunnan jälkeen; yllättyy toisesta aallosta 3: Nousee ja asemoituu uudelleen ajoissa 5: Ennakoi jatkotilanteet ennen muita; sijainti valmiina jo ennen vastustajan toista yritystä | H25: =IF(OR(D25="1",D25="2",E25="1",E25="2",D25=1,D25=2,E25=1,E25=2),IFERROR(VLOOKUP(A25,Harjoitepankki!$A:$D,4,FALSE()),""),"")
A26: GK-P6a | C26: a. Ennakoi torjunnasta irtoavat pallot – nouse ja asemoidu uudelleen välittömästi (valmius toiseen aaltoon)
A27: GK-P6b | C27: b. Ennakoi purkupallot ja pääpallokamppailujen pudotukset rangaistusalueen edustalla
A28: GK-P6c | C28: c. Ennakoi oman joukkueen pallonmenetykset ja korjaa sijaintiasi jo ennen vastustajan hyökkäystä
A29: GK-H0 | B29: Hyökkäys | C29: 0. TIEDON KERÄÄMINEN (SKANNAUS) | F29: =IF(AND(D29<>"",E29<>""),D29-E29,"") | G29: 1: Katse vain pallossa takaisinsyötöissä; paniikkiratkaisut prässin alla 3: Skannaa ennen vastaanottoa; ratkaisu valmiina normaalipaineessa 5: Jatkuva tilannekuva; prässin alla rauhallinen, koska ratkaisu on tehty ennen palloa | H29: =IF(OR(D29="1",D29="2",E29="1",E29="2",D29=1,D29=2,E29=1,E29=2),IFERROR(VLOOKUP(A29,Harjoitepankki!$A:$D,4,FALSE()),""),"")
A30: GK-H0a | C30: a. Muodosta jatkuva tilannekuva vastustajan prässiryhmityksestä jo ennen kuin saat pallon
A31: GK-H0b | C31: b. Avoin peliasento ja ensimmäisen kosketuksen suuntaus pelattavaan suuntaan
A32: GK-H0c | C32: c. Skannaa vapaat pelaajat ja tilat ennen jokaista takaisinsyöttöä – ratkaisu valmiina ennen palloa
A33: GK-H1 | B33: Hyökkäys | C33: 1. PELIN AVAAMINEN | F33: =IF(AND(D33<>"",E33<>""),D33-E33,"") | G33: 1: Epätarkat avaukset; pitkät pallot ilman osoitetta; pakottaa lyhyen prässiin 3: Avaa luotettavasti lyhyellä ja pitkällä normaalitilanteissa 5: Molemmat jalat; pitkä avaus kohdennettu aseeksi; lyhyt/pitkä-valinta rikkoo vastustajan prässin toistuvasti | H33: =IF(OR(D33="1",D33="2",E33="1",E33="2",D33=1,D33=2,E33=1,E33=2),IFERROR(VLOOKUP(A33,Harjoitepankki!$A:$D,4,FALSE()),""),"")
A34: GK-H1a | C34: a. Maasyötöt pelin rakentamisessa: lyhyt avaus toppareille tai laitapuolustajille, kun tilaa on
A35: GK-H1b | C35: b. Pitkä avaus edun hakemiseksi: kohdennettu avaus valittuun kamppailutilanteeseen (kärki, laita)
A36: GK-H1c | C36: c. Valinta lyhyen ja pitkän välillä vastustajan prässin mukaan – älä pakota avausta prässiin
A37: GK-H2 | B37: Hyökkäys | C37: 2. TUKIEN TARJOAMINEN (ylimääräinen pelaaja rakentelussa) | F37: =IF(AND(D37<>"",E37<>""),D37-E37,"") | G37: 1: Ei tarjoudu pelattavaksi; piiloutuu topparin taakse; palauttaa pallon aina pitkänä 3: Toimii tukivaihtoehtona ja hätätukena luotettavasti 5: Aito ylimääräinen kenttäpelaaja: elää jatkuvasti oikeissa syöttökulmissa ja tekee rakentelusta ylivoimaista | H37: =IF(OR(D37="1",D37="2",E37="1",E37="2",D37=1,D37=2,E37=1,E37=2),IFERROR(VLOOKUP(A37,Harjoitepankki!$A:$D,4,FALSE()),""),"")
A38: GK-H2a | C38: a. Tarjoa jatkuva tukivaihtoehto toppareille – maalivahti luo +1-ylivoiman rakenteluun
A39: GK-H2b | C39: b. Hätätuki paineen alla: ole aina turvallinen ulospääsy pallolliselle
A40: GK-H2c | C40: c. Sijoitu niin, että syöttökulmat molemmille toppareille ovat auki (ei suoraan pallollisen taakse)
A41: GK-H3 | B41: Hyökkäys | C41: 3. TILANTEENVAIHDON KÄYNNISTÄMINEN (vastahyökkäykset) | F41: =IF(AND(D41<>"",E41<>""),D41-E41,"") | G41: 1: Hidastaa jokaisen pallonvoiton; ei näe vastahyökkäysmahdollisuuksia 3: Käynnistää vastahyökkäyksen selkeissä tilanteissa 5: Vastahyökkäysten aloittaja: nopea ja tarkka heitto/syöttö ensimmäiseen aaltoon, tilanteen lukeminen virheetöntä | H41: =IF(OR(D41="1",D41="2",E41="1",E41="2",D41=1,D41=2,E41=1,E41=2),IFERROR(VLOOKUP(A41,Harjoitepankki!$A:$D,4,FALSE()),""),"")
A42: GK-H3a | C42: a. Pallonvoiton jälkeen nopea heitto tai syöttö ensimmäiseen aaltoon – vastahyökkäys alkaa maalivahdista
A43: GK-H3b | C43: b. Tunnista tilanne: vastahyökkäysmahdollisuus vai pelin rauhoittaminen
A44: GK-H4 | B44: Hyökkäys | C44: 4. PELIN RYTMIN HALLINTA | F44: =IF(AND(D44<>"",E44<>""),D44-E44,"") | G44: 1: Rytmi sattumanvaraista; riskiavaukset paineen alla 3: Säätelee rytmiä ja pitää pallon joukkueella normaalipaineessa 5: Ottelun rytmimestari: tunnistaa pelin hetket (nopeuta/rauhoita) ja toteuttaa ilman riskiä | H44: =IF(OR(D44="1",D44="2",E44="1",E44="2",D44=1,D44=2,E44=1,E44=2),IFERROR(VLOOKUP(A44,Harjoitepankki!$A:$D,4,FALSE()),""),"")
A45: GK-H4a | C45: a. Säätele pelin rytmiä: nopeuta kun etu on tarjolla, rauhoita kun joukkue tarvitsee hengähdystauon
A46: GK-H4b | C46: b. Pidä pallo joukkueella paineen alla ilman riskiä – ei pakotettuja avauksia keskelle
A47: GK-H5 | B47: Hyökkäys | C47: 5. SIJOITTUMINEN OMAN JOUKKUEEN HALLITESSA | F47: =IF(AND(D47<>"",E47<>""),D47-E47,"") | G47: 1: Jää alas – joukkue pelaa 10 vastaan 11 rakentelussa; selusta auki menetyksissä 3: Nousee joukkueen mukana ja on pelattavissa 5: Sijainti maksimoi sekä pelattavuuden että selustan turvan; siirtyminen sweeper-rooliin saumaton | H47: =IF(OR(D47="1",D47="2",E47="1",E47="2",D47=1,D47=2,E47=1,E47=2),IFERROR(VLOOKUP(A47,Harjoitepankki!$A:$D,4,FALSE()),""),"")
A48: GK-H5a | C48: a. Nouse korkealle joukkueen hyökätessä – lyhennä etäisyys puolustuslinjaan ja ole pelattavissa
A49: GK-H5b | C49: b. Turvaa selusta ennakoivasti: valmius sweeper-rooliin heti menetyksen tapahtuessa
C51: YHTEENSÄ | D51: =IF(D3="",0,D3)+IF(D7="",0,D7)+IF(D11="",0,D11)+IF(D15="",0,D15)+IF(D20="",0,D20)+IF(D25="",0,D25)+IF(D29="",0,D29)+IF(D33="",0,D33)+IF(D37="",0,D37)+IF(D41="",0,D41)+IF(D44="",0,D44)+IF(D47="",0,D47) -> 0 | E51: =IF(E3="",0,E3)+IF(E7="",0,E7)+IF(E11="",0,E11)+IF(E15="",0,E15)+IF(E20="",0,E20)+IF(E25="",0,E25)+IF(E29="",0,E29)+IF(E33="",0,E33)+IF(E37="",0,E37)+IF(E41="",0,E41)+IF(E44="",0,E44)+IF(E47="",0,E47) -> 0 | G51: Max 60 p (12 teemaa). Ero-sarake = valmentajan arvio − itsearvio: suuret erot ovat kehityskeskustelun ydin.
A53: ITSEARVIOINNIN AVOIMET KYSYMYKSET (pelaaja täyttää ennen keskustelua)
A54: 1. | B54: Missä kolmessa asiassa olen kehittynyt eniten viimeisen 3 kk:n aikana?
A55: 2. | B55: Mikä pelitilanne tuntuu vaikeimmalta ja miksi (esim. korkeat keskitykset ruuhkassa, pelaaminen jalalla prässin alla, 1v1-tilanteet, kommunikaation johtaminen)?
A56: 3. | B56: Keneltä huippumaalivahdilta otan mallia ja mitä konkreettista hänen pelistään?
A57: 4. | B57: Mitkä 2–3 KPI:tä valitsen seuraavan jakson painopisteiksi?
A58: 5. | B58: Mitä teen itsenäisesti (harjoitusten ulkopuolella) näiden eteen?
A60: KEHITYSSOPIMUS (täytetään yhdessä keskustelussa)
A61: Painopiste 1 (koodi + tavoite):
A62: Painopiste 2 (koodi + tavoite):
A63: Painopiste 3 (valinnainen):
A64: Konkreettiset toimet ja harjoitteet (ks. Harjoitepankki):
A65: Mittarit / miten kehitys todennetaan:
A66: Seurantapäivä:
A67: Allekirjoitukset (pelaaja & valmentaja):
